[{"id": 5615, "ERRO": "SRMUSDT"}, {"id": 5616, "ERRO": "QNTUSDT"}, {"id": 5617, "ERRO": "SRMUSDT"}, {"id": 5618, "ERRO": "QNTUSDT"}, {"id": 5619, "ERRO": "TRIBEUSDT"}, {"id": 5620, "ERRO": "TRIBEUSDT"}, {"id": 5621, "ERRO": "PERPUSDT"}, {"id": 5622, "ERRO": "LUNCUSDT"}, {"id": 5623, "ERRO": "PERPUSDT"}, {"id": 5624, "ERRO": "SHIBUSDT"}, {"id": 5625, "ERRO": "LUNCUSDT"}, {"id": 5626, "ERRO": "SHIBUSDT"}, {"id": 5627, "ERRO": "CBXUSDT"}, {"id": 5628, "ERRO": "CBXUSDT"}, {"id": 5629, "ERRO": "FTTUSDT"}, {"id": 5630, "ERRO": "GODSUSDT"}, {"id": 5631, "ERRO": "FTTUSDT"}, {"id": 5632, "ERRO": "GMUSDT"}, {"id": 5633, "ERRO": "CWARUSDT"}, {"id": 5634, "ERRO": "CAKEUSDT"}, {"id": 5635, "ERRO": "GODSUSDT"}, {"id": 5636, "ERRO": "STETHUSDT"}, {"id": 5637, "ERRO": "GALFTUSDT"}, {"id": 5638, "ERRO": "LFWUSDT"}, {"id": 5639, "ERRO": "GMUSDT"}, {"id": 5640, "ERRO": "CWARUSDT"}, {"id": 5641, "ERRO": "CAKEUSDT"}, {"id": 5642, "ERRO": "STETHUSDT"}, {"id": 5643, "ERRO": "PSPUSDT"}, {"id": 5644, "ERRO": "GENEUSDT"}, {"id": 5645, "ERRO": "GALFTUSDT"}, {"id": 5646, "ERRO": "AVAUSDT"}, {"id": 5647, "ERRO": "LFWUSDT"}, {"id": 5648, "ERRO": "PTUUSDT"}, {"id": 5649, "ERRO": "SHILLUSDT"}, {"id": 5650, "ERRO": "XYMUSDT"}, {"id": 5651, "ERRO": "PSPUSDT"}, {"id": 5652, "ERRO": "INSURUSDT"}, {"id": 5653, "ERRO": "GENEUSDT"}, {"id": 5654, "ERRO": "AVAUSDT"}, {"id": 5655, "ERRO": "PTUUSDT"}, {"id": 5656, "ERRO": "TRVLUSDT"}, {"id": 5657, "ERRO": "WEMIXUSDT"}, {"id": 5658, "ERRO": "SHILLUSDT"}, {"id": 5659, "ERRO": "XYMUSDT"}, {"id": 5660, "ERRO": "CELUSDT"}, {"id": 5661, "ERRO": "INSURUSDT"}, {"id": 5662, "ERRO": "NEXOUSDT"}, {"id": 5663, "ERRO": "BNTUSDT"}, {"id": 5664, "ERRO": "TRVLUSDT"}, {"id": 5665, "ERRO": "WEMIXUSDT"}, {"id": 5666, "ERRO": "TELUSDT"}, {"id": 5667, "ERRO": "SISUSDT"}, {"id": 5668, "ERRO": "CELUSDT"}, {"id": 5669, "ERRO": "REALUSDT"}, {"id": 5670, "ERRO": "KRLUSDT"}, {"id": 5671, "ERRO": "NEXOUSDT"}, {"id": 5672, "ERRO": "DEVTUSDT"}, {"id": 5673, "ERRO": "BNTUSDT"}, {"id": 5674, "ERRO": "CRAFTUSDT"}, {"id": 5675, "ERRO": "1SOLUSDT"}, {"id": 5676, "ERRO": "PLTUSDT"}, {"id": 5677, "ERRO": "IZIUSDT"}, {"id": 5678, "ERRO": "TELUSDT"}, {"id": 5679, "ERRO": "SISUSDT"}, {"id": 5680, "ERRO": "DCRUSDT"}, {"id": 5681, "ERRO": "REALUSDT"}, {"id": 5682, "ERRO": "KRLUSDT"}, {"id": 5683, "ERRO": "DEVTUSDT"}, {"id": 5684, "ERRO": "MXUSDT"}, {"id": 5685, "ERRO": "CRAFTUSDT"}, {"id": 5686, "ERRO": "1SOLUSDT"}, {"id": 5687, "ERRO": "PLTUSDT"}, {"id": 5688, "ERRO": "IZIUSDT"}, {"id": 5689, "ERRO": "RAINUSDT"}, {"id": 5690, "ERRO": "DCRUSDT"}, {"id": 5691, "ERRO": "XECUSDT"}, {"id": 5692, "ERRO": "XDCUSDT"}, {"id": 5693, "ERRO": "BTGUSDT"}, {"id": 5694, "ERRO": "MXUSDT"}, {"id": 5695, "ERRO": "SOSUSDT"}, {"id": 5696, "ERRO": "KASTAUSDT"}, {"id": 5697, "ERRO": "SIDUSUSDT"}, {"id": 5698, "ERRO": "VPADUSDT"}, {"id": 5699, "ERRO": "GGMUSDT"}, {"id": 5700, "ERRO": "RAINUSDT"}, {"id": 5701, "ERRO": "XECUSDT"}, {"id": 5702, "ERRO": "MBSUSDT"}, {"id": 5703, "ERRO": "XDCUSDT"}, {"id": 5704, "ERRO": "DAIUSDT"}, {"id": 5705, "ERRO": "BTGUSDT"}, {"id": 5706, "ERRO": "ACAUSDT"}, {"id": 5707, "ERRO": "MVUSDT"}, {"id": 5708, "ERRO": "MIXUSDT"}, {"id": 5709, "ERRO": "SOSUSDT"}, {"id": 5710, "ERRO": "SYNRUSDT"}, {"id": 5711, "ERRO": "KASTAUSDT"}, {"id": 5712, "ERRO": "TAPUSDT"}, {"id": 5713, "ERRO": "ERTHAUSDT"}, {"id": 5714, "ERRO": "SIDUSUSDT"}, {"id": 5715, "ERRO": "VPADUSDT"}, {"id": 5716, "ERRO": "GGMUSDT"}, {"id": 5717, "ERRO": "MBSUSDT"}, {"id": 5718, "ERRO": "DAIUSDT"}, {"id": 5719, "ERRO": "BTTUSDT"}, {"id": 5720, "ERRO": "ACAUSDT"}, {"id": 5721, "ERRO": "NFTUSDT"}, {"id": 5722, "ERRO": "MVUSDT"}, {"id": 5723, "ERRO": "POKTUSDT"}, {"id": 5724, "ERRO": "MIXUSDT"}, {"id": 5725, "ERRO": "PSTAKEUSDT"}, {"id": 5726, "ERRO": "SYNRUSDT"}, {"id": 5727, "ERRO": "SONUSDT"}, {"id": 5728, "ERRO": "HEROUSDT"}, {"id": 5729, "ERRO": "TAPUSDT"}, {"id": 5730, "ERRO": "ERTHAUSDT"}, {"id": 5731, "ERRO": "DOMEUSDT"}, {"id": 5732, "ERRO": "ZBCUSDT"}, {"id": 5733, "ERRO": "USTCUSDT"}, {"id": 5734, "ERRO": "SDUSDT"}, {"id": 5735, "ERRO": "BTTUSDT"}, {"id": 5736, "ERRO": "BTC3SUSDT"}, {"id": 5737, "ERRO": "BTC3LUSDT"}, {"id": 5738, "ERRO": "NFTUSDT"}, {"id": 5739, "ERRO": "POKTUSDT"}, {"id": 5740, "ERRO": "FIDAUSDT"}, {"id": 5741, "ERRO": "PSTAKEUSDT"}, {"id": 5742, "ERRO": "SONUSDT"}, {"id": 5743, "ERRO": "RACAUSDT"}, {"id": 5744, "ERRO": "HEROUSDT"}, {"id": 5745, "ERRO": "DOMEUSDT"}, {"id": 5746, "ERRO": "ZBCUSDT"}, {"id": 5747, "ERRO": "USTCUSDT"}, {"id": 5748, "ERRO": "SDUSDT"}, {"id": 5749, "ERRO": "BTC3SUSDT"}, {"id": 5750, "ERRO": "BTC3LUSDT"}, {"id": 5751, "ERRO": "FIDAUSDT"}, {"id": 5752, "ERRO": "RACAUSDT"}, {"id": 5753, "ERRO": "IMEUSDT"}, {"id": 5754, "ERRO": "CAPSUSDT"}, {"id": 5755, "ERRO": "IMEUSDT"}, {"id": 5756, "ERRO": "CAPSUSDT"}, {"id": 5757, "ERRO": "MOVRUSDT"}, {"id": 5758, "ERRO": "ZAMUSDT"}, {"id": 5759, "ERRO": "WBTCUSDT"}, {"id": 5760, "ERRO": "MOVRUSDT"}, {"id": 5761, "ERRO": "XAVAUSDT"}, {"id": 5762, "ERRO": "ZAMUSDT"}, {"id": 5763, "ERRO": "MELOSUSDT"}, {"id": 5764, "ERRO": "WBTCUSDT"}, {"id": 5765, "ERRO": "XAVAUSDT"}, {"id": 5766, "ERRO": "MELOSUSDT"}, {"id": 5767, "ERRO": "GSTUSDT"}, {"id": 5768, "ERRO": "SFUNDUSDT"}, {"id": 5769, "ERRO": "GSTUSDT"}, {"id": 5770, "ERRO": "ELTUSDT"}, {"id": 5771, "ERRO": "SFUNDUSDT"}, {"id": 5772, "ERRO": "LGXUSDT"}, {"id": 5773, "ERRO": "ELTUSDT"}, {"id": 5774, "ERRO": "APEXUSDT"}, {"id": 5775, "ERRO": "LGXUSDT"}, {"id": 5776, "ERRO": "COTUSDT"}, {"id": 5777, "ERRO": "APEXUSDT"}, {"id": 5778, "ERRO": "KMONUSDT"}, {"id": 5779, "ERRO": "PLYUSDT"}, {"id": 5780, "ERRO": "COTUSDT"}, {"id": 5781, "ERRO": "KMONUSDT"}, {"id": 5782, "ERRO": "XWGUSDT"}, {"id": 5783, "ERRO": "PLYUSDT"}, {"id": 5784, "ERRO": "XWGUSDT"}, {"id": 5785, "ERRO": "STRMUSDT"}, {"id": 5786, "ERRO": "STRMUSDT"}, {"id": 5787, "ERRO": "ETH3SUSDT"}, {"id": 5788, "ERRO": "ETH3SUSDT"}, {"id": 5789, "ERRO": "ETH3LUSDT"}, {"id": 5790, "ERRO": "ETH3LUSDT"}, {"id": 5791, "ERRO": "KOKUSDT"}, {"id": 5792, "ERRO": "KOKUSDT"}, {"id": 5793, "ERRO": "FAMEUSDT"}, {"id": 5794, "ERRO": "FAMEUSDT"}, {"id": 5795, "ERRO": "XRP3SUSDT"}, {"id": 5796, "ERRO": "XRP3SUSDT"}, {"id": 5797, "ERRO": "XRP3LUSDT"}, {"id": 5798, "ERRO": "USDDUSDT"}, {"id": 5799, "ERRO": "XRP3LUSDT"}, {"id": 5800, "ERRO": "LUNAUSDT"}, {"id": 5801, "ERRO": "USDDUSDT"}, {"id": 5802, "ERRO": "DFIUSDT"}, {"id": 5803, "ERRO": "MOVEZUSDT"}, {"id": 5804, "ERRO": "THNUSDT"}, {"id": 5805, "ERRO": "LUNAUSDT"}, {"id": 5806, "ERRO": "DOT3SUSDT"}, {"id": 5807, "ERRO": "DFIUSDT"}, {"id": 5808, "ERRO": "DOT3LUSDT"}, {"id": 5809, "ERRO": "MOVEZUSDT"}, {"id": 5810, "ERRO": "THNUSDT"}, {"id": 5811, "ERRO": "VINUUSDT"}, {"id": 5812, "ERRO": "DOT3SUSDT"}, {"id": 5813, "ERRO": "DOT3LUSDT"}, {"id": 5814, "ERRO": "FORTUSDT"}, {"id": 5815, "ERRO": "VINUUSDT"}, {"id": 5816, "ERRO": "AVAX2SUSDT"}, {"id": 5817, "ERRO": "AVAX2LUSDT"}, {"id": 5818, "ERRO": "FORTUSDT"}, {"id": 5819, "ERRO": "ADA2SUSDT"}, {"id": 5820, "ERRO": "ADA2LUSDT"}, {"id": 5821, "ERRO": "WLKNUSDT"}, {"id": 5822, "ERRO": "AVAX2SUSDT"}, {"id": 5823, "ERRO": "KONUSDT"}, {"id": 5824, "ERRO": "AVAX2LUSDT"}, {"id": 5825, "ERRO": "LTC2SUSDT"}, {"id": 5826, "ERRO": "ADA2SUSDT"}, {"id": 5827, "ERRO": "LTC2LUSDT"}, {"id": 5828, "ERRO": "ADA2LUSDT"}, {"id": 5829, "ERRO": "WLKNUSDT"}, {"id": 5830, "ERRO": "KONUSDT"}, {"id": 5831, "ERRO": "SAND2SUSDT"}, {"id": 5832, "ERRO": "LTC2SUSDT"}, {"id": 5833, "ERRO": "SAND2LUSDT"}, {"id": 5834, "ERRO": "LTC2LUSDT"}, {"id": 5835, "ERRO": "SAND2SUSDT"}, {"id": 5836, "ERRO": "OBXUSDT"}, {"id": 5837, "ERRO": "SEORUSDT"}, {"id": 5838, "ERRO": "SAND2LUSDT"}, {"id": 5839, "ERRO": "MNZUSDT"}, {"id": 5840, "ERRO": "OBXUSDT"}, {"id": 5841, "ERRO": "CULTUSDT"}, {"id": 5842, "ERRO": "SEORUSDT"}, {"id": 5843, "ERRO": "CUSDUSDT"}, {"id": 5844, "ERRO": "MNZUSDT"}, {"id": 5845, "ERRO": "SLGUSDT"}, {"id": 5846, "ERRO": "CULTUSDT"}, {"id": 5847, "ERRO": "CMPUSDT"}, {"id": 5848, "ERRO": "CUSDUSDT"}, {"id": 5849, "ERRO": "KUNCIUSDT"}, {"id": 5850, "ERRO": "SLGUSDT"}, {"id": 5851, "ERRO": "GSTSUSDT"}, {"id": 5852, "ERRO": "XETAUSDT"}, {"id": 5853, "ERRO": "AZYUSDT"}, {"id": 5854, "ERRO": "CMPUSDT"}, {"id": 5855, "ERRO": "KUNCIUSDT"}, {"id": 5856, "ERRO": "GSTSUSDT"}, {"id": 5857, "ERRO": "MMCUSDT"}, {"id": 5858, "ERRO": "XETAUSDT"}, {"id": 5859, "ERRO": "FLOKIUSDT"}, {"id": 5860, "ERRO": "BABYDOGEUSDT"}, {"id": 5861, "ERRO": "STATUSDT"}, {"id": 5862, "ERRO": "AZYUSDT"}, {"id": 5863, "ERRO": "MMCUSDT"}, {"id": 5864, "ERRO": "SAITAMAUSDT"}, {"id": 5865, "ERRO": "FLOKIUSDT"}, {"id": 5866, "ERRO": "MATIC2SUSDT"}, {"id": 5867, "ERRO": "BABYDOGEUSDT"}, {"id": 5868, "ERRO": "STATUSDT"}, {"id": 5869, "ERRO": "MATIC2LUSDT"}, {"id": 5870, "ERRO": "SAITAMAUSDT"}, {"id": 5871, "ERRO": "ETC2SUSDT"}, {"id": 5872, "ERRO": "MATIC2SUSDT"}, {"id": 5873, "ERRO": "ETC2LUSDT"}, {"id": 5874, "ERRO": "MATIC2LUSDT"}, {"id": 5875, "ERRO": "DICEUSDT"}, {"id": 5876, "ERRO": "ETC2SUSDT"}, {"id": 5877, "ERRO": "WAXPUSDT"}, {"id": 5878, "ERRO": "ETC2LUSDT"}, {"id": 5879, "ERRO": "DICEUSDT"}, {"id": 5880, "ERRO": "WAXPUSDT"}, {"id": 5881, "ERRO": "APE2SUSDT"}, {"id": 5882, "ERRO": "APE2LUSDT"}, {"id": 5883, "ERRO": "GMT2SUSDT"}, {"id": 5884, "ERRO": "APE2SUSDT"}, {"id": 5885, "ERRO": "GMT2LUSDT"}, {"id": 5886, "ERRO": "APE2LUSDT"}, {"id": 5887, "ERRO": "DEFYUSDT"}, {"id": 5888, "ERRO": "PSGUSDT"}, {"id": 5889, "ERRO": "GMT2SUSDT"}, {"id": 5890, "ERRO": "BARUSDT"}, {"id": 5891, "ERRO": "GMT2LUSDT"}, {"id": 5892, "ERRO": "DEFYUSDT"}, {"id": 5893, "ERRO": "JUVUSDT"}, {"id": 5894, "ERRO": "PSGUSDT"}, {"id": 5895, "ERRO": "ACMUSDT"}, {"id": 5896, "ERRO": "BARUSDT"}, {"id": 5897, "ERRO": "INTERUSDT"}, {"id": 5898, "ERRO": "JUVUSDT"}, {"id": 5899, "ERRO": "AFCUSDT"}, {"id": 5900, "ERRO": "ACMUSDT"}, {"id": 5901, "ERRO": "INTERUSDT"}, {"id": 5902, "ERRO": "CITYUSDT"}, {"id": 5903, "ERRO": "AFCUSDT"}, {"id": 5904, "ERRO": "LINK2LUSDT"}, {"id": 5905, "ERRO": "CITYUSDT"}, {"id": 5906, "ERRO": "LINK2SUSDT"}, {"id": 5907, "ERRO": "FTM2LUSDT"}, {"id": 5908, "ERRO": "LINK2LUSDT"}, {"id": 5909, "ERRO": "FTM2SUSDT"}, {"id": 5910, "ERRO": "LINK2SUSDT"}, {"id": 5911, "ERRO": "SOLOUSDT"}, {"id": 5912, "ERRO": "DOGE2SUSDT"}, {"id": 5913, "ERRO": "DOGE2LUSDT"}, {"id": 5914, "ERRO": "FTM2LUSDT"}, {"id": 5915, "ERRO": "ATOM2SUSDT"}, {"id": 5916, "ERRO": "FTM2SUSDT"}, {"id": 5917, "ERRO": "ATOM2LUSDT"}, {"id": 5918, "ERRO": "SOLOUSDT"}, {"id": 5919, "ERRO": "OKSEUSDT"}, {"id": 5920, "ERRO": "DOGE2SUSDT"}, {"id": 5921, "ERRO": "CHRPUSDT"}, {"id": 5922, "ERRO": "DOGE2LUSDT"}, {"id": 5923, "ERRO": "ATOM2SUSDT"}, {"id": 5924, "ERRO": "ATOM2LUSDT"}, {"id": 5925, "ERRO": "EOS2SUSDT"}, {"id": 5926, "ERRO": "OKSEUSDT"}, {"id": 5927, "ERRO": "EOS2LUSDT"}, {"id": 5928, "ERRO": "CHRPUSDT"}, {"id": 5929, "ERRO": "EOS2SUSDT"}, {"id": 5930, "ERRO": "WWYUSDT"}, {"id": 5931, "ERRO": "EOS2LUSDT"}, {"id": 5932, "ERRO": "LINGUSDT"}, {"id": 5933, "ERRO": "WWYUSDT"}, {"id": 5934, "ERRO": "LINGUSDT"}, {"id": 5935, "ERRO": "DLCUSDT"}, {"id": 5936, "ERRO": "DLCUSDT"}, {"id": 5937, "ERRO": "OKGUSDT"}, {"id": 5938, "ERRO": "OKGUSDT"}, {"id": 5939, "ERRO": "MPLXUSDT"}, {"id": 5940, "ERRO": "MIBRUSDT"}, {"id": 5941, "ERRO": "MPLXUSDT"}, {"id": 5942, "ERRO": "COUSDT"}, {"id": 5943, "ERRO": "MIBRUSDT"}, {"id": 5944, "ERRO": "AGLAUSDT"}, {"id": 5945, "ERRO": "COUSDT"}, {"id": 5946, "ERRO": "RONDUSDT"}, {"id": 5947, "ERRO": "AGLAUSDT"}, {"id": 5948, "ERRO": "RONDUSDT"}, {"id": 5949, "ERRO": "QMALLUSDT"}, {"id": 5950, "ERRO": "QMALLUSDT"}, {"id": 5951, "ERRO": "PUMLXUSDT"}, {"id": 5952, "ERRO": "PUMLXUSDT"}, {"id": 5953, "ERRO": "GCAKEUSDT"}, {"id": 5954, "ERRO": "GCAKEUSDT"}, {"id": 5955, "ERRO": "MTKUSDT"}, {"id": 5956, "ERRO": "MTKUSDT"}, {"id": 5957, "ERRO": "MCRTUSDT"}, {"id": 5958, "ERRO": "MCRTUSDT"}, {"id": 5959, "ERRO": "ECOXUSDT"}, {"id": 5960, "ERRO": "KCALUSDT"}, {"id": 5961, "ERRO": "ECOXUSDT"}, {"id": 5962, "ERRO": "KCALUSDT"}, {"id": 5963, "ERRO": "ORTUSDT"}]