[{"id": 3274, "starttime": "1686547200000", "moeda": "BTC/USDT", "vlatual": "25807.48", "vlanter": "25800.48", "percent": "0.02712392", "favorita": null}, {"id": 3275, "starttime": "1686547200000", "moeda": "ETH/USDT", "vlatual": "1739.33", "vlanter": "1738.37", "percent": "0.05519367", "favorita": null}, {"id": 3276, "starttime": "1686547200000", "moeda": "XRP/USDT", "vlatual": "0.5151", "vlanter": "0.5152", "percent": "-0.01941371", "favorita": null}, {"id": 3277, "starttime": "1686547200000", "moeda": "ETH/USDT", "vlatual": "1739.33", "vlanter": "1738.37", "percent": "0.05519367", "favorita": null}, {"id": 3278, "starttime": "1686547200000", "moeda": "EOS/USDT", "vlatual": "0.666", "vlanter": "0.665", "percent": "0.15015015", "favorita": null}, {"id": 3279, "starttime": "1686547200000", "moeda": "DOT/USDT", "vlatual": "4.494", "vlanter": "4.49", "percent": "0.08900757", "favorita": null}, {"id": 3280, "starttime": "1686547200000", "moeda": "XRP/USDT", "vlatual": "0.5151", "vlanter": "0.5152", "percent": "-0.01941371", "favorita": null}, {"id": 3281, "starttime": "1686547200000", "moeda": "XLM/USDT", "vlatual": "0.08303", "vlanter": "0.08314", "percent": "-0.13248224", "favorita": null}, {"id": 3282, "starttime": "1686547200000", "moeda": "EOS/USDT", "vlatual": "0.666", "vlanter": "0.665", "percent": "0.15015015", "favorita": null}, {"id": 3283, "starttime": "1686547200000", "moeda": "LTC/USDT", "vlatual": "76.19", "vlanter": "76.2", "percent": "-0.01312508", "favorita": null}, {"id": 3284, "starttime": "1686547200000", "moeda": "DOGE/USDT", "vlatual": "0.06088", "vlanter": "0.06085", "percent": "0.04927727", "favorita": null}, {"id": 3285, "starttime": "1686547200000", "moeda": "DOT/USDT", "vlatual": "4.494", "vlanter": "4.49", "percent": "0.08900757", "favorita": null}, {"id": 3286, "starttime": "1686547200000", "moeda": "BIT/USDT", "vlatual": "0.4233", "vlanter": "0.4235", "percent": "-0.04724781", "favorita": null}, {"id": 3287, "starttime": "1686547200000", "moeda": "XLM/USDT", "vlatual": "0.08303", "vlanter": "0.08314", "percent": "-0.13248224", "favorita": null}, {"id": 3288, "starttime": "1686547200000", "moeda": "CHZ/USDT", "vlatual": "0.06667", "vlanter": "0.0666", "percent": "0.10499475", "favorita": null}, {"id": 3289, "starttime": "1686547200000", "moeda": "LTC/USDT", "vlatual": "76.19", "vlanter": "76.2", "percent": "-0.01312508", "favorita": null}, {"id": 3290, "starttime": "1686547200000", "moeda": "AXS/USDT", "vlatual": "4.821", "vlanter": "4.83", "percent": "-0.18668326", "favorita": null}, {"id": 3291, "starttime": "1686547200000", "moeda": "DOGE/USDT", "vlatual": "0.06088", "vlanter": "0.06085", "percent": "0.04927727", "favorita": null}, {"id": 3292, "starttime": "1686547200000", "moeda": "MANA/USDT", "vlatual": "0.3384", "vlanter": "0.3382", "percent": "0.05910165", "favorita": null}, {"id": 3293, "starttime": "1686547200000", "moeda": "BIT/USDT", "vlatual": "0.4233", "vlanter": "0.4235", "percent": "-0.04724781", "favorita": null}, {"id": 3294, "starttime": "1686547200000", "moeda": "DYDX/USDT", "vlatual": "1.52", "vlanter": "1.52", "percent": "0.00000000", "favorita": null}, {"id": 3295, "starttime": "1686547200000", "moeda": "CHZ/USDT", "vlatual": "0.06667", "vlanter": "0.0666", "percent": "0.10499475", "favorita": null}, {"id": 3296, "starttime": "1686547200000", "moeda": "MKR/USDT", "vlatual": "613.9", "vlanter": "613.7", "percent": "0.03257860", "favorita": null}, {"id": 3297, "starttime": "1686547200000", "moeda": "AXS/USDT", "vlatual": "4.821", "vlanter": "4.83", "percent": "-0.18668326", "favorita": null}, {"id": 3298, "starttime": "1686547200000", "moeda": "MANA/USDT", "vlatual": "0.3384", "vlanter": "0.3382", "percent": "0.05910165", "favorita": null}, {"id": 3299, "starttime": "1686547200000", "moeda": "COMP/USDT", "vlatual": "26.32", "vlanter": "26.32", "percent": "0.00000000", "favorita": null}, {"id": 3300, "starttime": "1686547200000", "moeda": "DYDX/USDT", "vlatual": "1.52", "vlanter": "1.52", "percent": "0.00000000", "favorita": null}, {"id": 3301, "starttime": "1686547200000", "moeda": "AAVE/USDT", "vlatual": "51.87", "vlanter": "51.87", "percent": "0.00000000", "favorita": null}, {"id": 3302, "starttime": "1686547200000", "moeda": "YFI/USDT", "vlatual": "5353.0", "vlanter": "5352.0", "percent": "0.01868111", "favorita": null}, {"id": 3303, "starttime": "1686547200000", "moeda": "MKR/USDT", "vlatual": "613.9", "vlanter": "613.7", "percent": "0.03257860", "favorita": null}, {"id": 3304, "starttime": "1686547200000", "moeda": "COMP/USDT", "vlatual": "26.32", "vlanter": "26.32", "percent": "0.00000000", "favorita": null}, {"id": 3305, "starttime": "1686547200000", "moeda": "LINK/USDT", "vlatual": "5.09", "vlanter": "5.093", "percent": "-0.05893910", "favorita": null}, {"id": 3306, "starttime": "1686547200000", "moeda": "SUSHI/USDT", "vlatual": "0.556", "vlanter": "0.556", "percent": "0.00000000", "favorita": null}, {"id": 3307, "starttime": "1686547200000", "moeda": "AAVE/USDT", "vlatual": "51.87", "vlanter": "51.87", "percent": "0.00000000", "favorita": null}, {"id": 3308, "starttime": "1686547200000", "moeda": "UNI/USDT", "vlatual": "4.052", "vlanter": "4.05", "percent": "0.04935834", "favorita": null}, {"id": 3309, "starttime": "1686547200000", "moeda": "KSM/USDT", "vlatual": "21.86", "vlanter": "21.92", "percent": "-0.27447392", "favorita": null}, {"id": 3310, "starttime": "1686547200000", "moeda": "ICP/USDT", "vlatual": "3.614", "vlanter": "3.612", "percent": "0.05534034", "favorita": null}, {"id": 3311, "starttime": "1686547200000", "moeda": "YFI/USDT", "vlatual": "5353.0", "vlanter": "5352.0", "percent": "0.01868111", "favorita": null}, {"id": 3312, "starttime": "1686547200000", "moeda": "ADA/USDT", "vlatual": "0.2726", "vlanter": "0.2728", "percent": "-0.07336757", "favorita": null}, {"id": 3313, "starttime": "1686547200000", "moeda": "LINK/USDT", "vlatual": "5.09", "vlanter": "5.093", "percent": "-0.05893910", "favorita": null}, {"id": 3314, "starttime": "1686547200000", "moeda": "ETC/USDT", "vlatual": "14.957", "vlanter": "14.957", "percent": "0.00000000", "favorita": null}, {"id": 3315, "starttime": "1686547200000", "moeda": "SUSHI/USDT", "vlatual": "0.556", "vlanter": "0.556", "percent": "0.00000000", "favorita": null}, {"id": 3316, "starttime": "1686547200000", "moeda": "KLAY/USDT", "vlatual": "0.1509", "vlanter": "0.151", "percent": "-0.06626905", "favorita": null}, {"id": 3317, "starttime": "1686547200000", "moeda": "XTZ/USDT", "vlatual": "0.709", "vlanter": "0.709", "percent": "0.00000000", "favorita": null}, {"id": 3318, "starttime": "1686547200000", "moeda": "UNI/USDT", "vlatual": "4.052", "vlanter": "4.05", "percent": "0.04935834", "favorita": null}, {"id": 3319, "starttime": "1686547200000", "moeda": "BCH/USDT", "vlatual": "102.45", "vlanter": "102.42", "percent": "0.02928258", "favorita": null}, {"id": 3320, "starttime": "1686547200000", "moeda": "KSM/USDT", "vlatual": "21.86", "vlanter": "21.92", "percent": "-0.27447392", "favorita": null}, {"id": 3321, "starttime": "1686547200000", "moeda": "ICP/USDT", "vlatual": "3.614", "vlanter": "3.612", "percent": "0.05534034", "favorita": null}, {"id": 3322, "starttime": "1686547200000", "moeda": "ADA/USDT", "vlatual": "0.2726", "vlanter": "0.2728", "percent": "-0.07336757", "favorita": null}, {"id": 3323, "starttime": "1686547200000", "moeda": "ETC/USDT", "vlatual": "14.957", "vlanter": "14.957", "percent": "0.00000000", "favorita": null}, {"id": 3324, "starttime": "1686547200000", "moeda": "KLAY/USDT", "vlatual": "0.1509", "vlanter": "0.151", "percent": "-0.06626905", "favorita": null}, {"id": 3325, "starttime": "1686547200000", "moeda": "XTZ/USDT", "vlatual": "0.709", "vlanter": "0.709", "percent": "0.00000000", "favorita": null}, {"id": 3326, "starttime": "1686547200000", "moeda": "USDC/USDT", "vlatual": "0.9997", "vlanter": "0.9998", "percent": "-0.01000300", "favorita": null}, {"id": 3327, "starttime": "1686547200000", "moeda": "GRT/USDT", "vlatual": "0.09609", "vlanter": "0.09608", "percent": "0.01040691", "favorita": null}, {"id": 3328, "starttime": "1686547200000", "moeda": "SOL/USDT", "vlatual": "15.171", "vlanter": "15.178", "percent": "-0.04614066", "favorita": null}, {"id": 3329, "starttime": "1686547200000", "moeda": "BCH/USDT", "vlatual": "102.45", "vlanter": "102.42", "percent": "0.02928258", "favorita": null}, {"id": 3330, "starttime": "1686547200000", "moeda": "FIL/USDT", "vlatual": "3.374", "vlanter": "3.378", "percent": "-0.11855365", "favorita": null}, {"id": 3331, "starttime": "1686547200000", "moeda": "OMG/USDT", "vlatual": "0.542", "vlanter": "0.542", "percent": "0.00000000", "favorita": null}, {"id": 3332, "starttime": "1686547200000", "moeda": "BAT/USDT", "vlatual": "0.1681", "vlanter": "0.1681", "percent": "0.00000000", "favorita": null}, {"id": 3333, "starttime": "1686547200000", "moeda": "ZRX/USDT", "vlatual": "0.1736", "vlanter": "0.1737", "percent": "-0.05760369", "favorita": null}, {"id": 3334, "starttime": "1686547200000", "moeda": "USDC/USDT", "vlatual": "0.9997", "vlanter": "0.9998", "percent": "-0.01000300", "favorita": null}, {"id": 3335, "starttime": "1686547200000", "moeda": "GRT/USDT", "vlatual": "0.09609", "vlanter": "0.09608", "percent": "0.01040691", "favorita": null}, {"id": 3336, "starttime": "1686547200000", "moeda": "CRV/USDT", "vlatual": "0.658", "vlanter": "0.658", "percent": "0.00000000", "favorita": null}, {"id": 3337, "starttime": "1686547200000", "moeda": "AGLD/USDT", "vlatual": "0.5216", "vlanter": "0.5199", "percent": "0.32592025", "favorita": null}, {"id": 3338, "starttime": "1686547200000", "moeda": "SOL/USDT", "vlatual": "15.171", "vlanter": "15.178", "percent": "-0.04614066", "favorita": null}, {"id": 3339, "starttime": "1686547200000", "moeda": "FIL/USDT", "vlatual": "3.374", "vlanter": "3.378", "percent": "-0.11855365", "favorita": null}, {"id": 3340, "starttime": "1686547200000", "moeda": "OMG/USDT", "vlatual": "0.542", "vlanter": "0.542", "percent": "0.00000000", "favorita": null}, {"id": 3341, "starttime": "1686547200000", "moeda": "ANKR/USDT", "vlatual": "0.01972", "vlanter": "0.01972", "percent": "0.00000000", "favorita": null}, {"id": 3342, "starttime": "1686547200000", "moeda": "MATIC/USDT", "vlatual": "0.6299", "vlanter": "0.6281", "percent": "0.28575964", "favorita": null}, {"id": 3343, "starttime": "1686547200000", "moeda": "WAVES/USDT", "vlatual": "1.351", "vlanter": "1.3497", "percent": "0.09622502", "favorita": null}, {"id": 3344, "starttime": "1686547200000", "moeda": "BAT/USDT", "vlatual": "0.1681", "vlanter": "0.1681", "percent": "0.00000000", "favorita": null}, {"id": 3345, "starttime": "1686547200000", "moeda": "SPELL/USDT", "vlatual": "0.000425", "vlanter": "0.000425", "percent": "0.00000000", "favorita": null}, {"id": 3346, "starttime": "1686547200000", "moeda": "ZRX/USDT", "vlatual": "0.1736", "vlanter": "0.1737", "percent": "-0.05760369", "favorita": null}, {"id": 3347, "starttime": "1686547200000", "moeda": "CRV/USDT", "vlatual": "0.658", "vlanter": "0.658", "percent": "0.00000000", "favorita": null}, {"id": 3348, "starttime": "1686547200000", "moeda": "FTM/USDT", "vlatual": "0.2403", "vlanter": "0.2399", "percent": "0.16645859", "favorita": null}, {"id": 3349, "starttime": "1686547200000", "moeda": "AGLD/USDT", "vlatual": "0.5216", "vlanter": "0.5199", "percent": "0.32592025", "favorita": null}, {"id": 3350, "starttime": "1686547200000", "moeda": "ATOM/USDT", "vlatual": "8.419", "vlanter": "8.417", "percent": "0.02375579", "favorita": null}, {"id": 3351, "starttime": "1686547200000", "moeda": "ANKR/USDT", "vlatual": "0.01972", "vlanter": "0.01972", "percent": "0.00000000", "favorita": null}, {"id": 3352, "starttime": "1686547200000", "moeda": "ALGO/USDT", "vlatual": "0.1098", "vlanter": "0.1098", "percent": "0.00000000", "favorita": null}, {"id": 3353, "starttime": "1686547200000", "moeda": "ENJ/USDT", "vlatual": "0.2483", "vlanter": "0.2484", "percent": "-0.04027386", "favorita": null}, {"id": 3354, "starttime": "1686547200000", "moeda": "MATIC/USDT", "vlatual": "0.6299", "vlanter": "0.6281", "percent": "0.28575964", "favorita": null}, {"id": 3355, "starttime": "1686547200000", "moeda": "WAVES/USDT", "vlatual": "1.351", "vlanter": "1.3497", "percent": "0.09622502", "favorita": null}, {"id": 3356, "starttime": "1686547200000", "moeda": "SAND/USDT", "vlatual": "0.3802", "vlanter": "0.38", "percent": "0.05260389", "favorita": null}, {"id": 3357, "starttime": "1686547200000", "moeda": "SPELL/USDT", "vlatual": "0.000425", "vlanter": "0.000425", "percent": "0.00000000", "favorita": null}, {"id": 3358, "starttime": "1686547200000", "moeda": "AVAX/USDT", "vlatual": "11.429", "vlanter": "11.421", "percent": "0.06999738", "favorita": null}, {"id": 3359, "starttime": "1686547200000", "moeda": "FTM/USDT", "vlatual": "0.2403", "vlanter": "0.2399", "percent": "0.16645859", "favorita": null}, {"id": 3360, "starttime": "1686547200000", "moeda": "ATOM/USDT", "vlatual": "8.419", "vlanter": "8.417", "percent": "0.02375579", "favorita": null}, {"id": 3361, "starttime": "1686547200000", "moeda": "WOO/USDT", "vlatual": "0.1734", "vlanter": "0.1733", "percent": "0.05767013", "favorita": null}, {"id": 3362, "starttime": "1686547200000", "moeda": "ALGO/USDT", "vlatual": "0.1098", "vlanter": "0.1098", "percent": "0.00000000", "favorita": null}, {"id": 3363, "starttime": "1686547200000", "moeda": "IMX/USDT", "vlatual": "0.5958", "vlanter": "0.5958", "percent": "0.00000000", "favorita": null}, {"id": 3364, "starttime": "1686547200000", "moeda": "ENJ/USDT", "vlatual": "0.2483", "vlanter": "0.2484", "percent": "-0.04027386", "favorita": null}, {"id": 3365, "starttime": "1686547200000", "moeda": "SAND/USDT", "vlatual": "0.3802", "vlanter": "0.38", "percent": "0.05260389", "favorita": null}, {"id": 3366, "starttime": "1686547200000", "moeda": "ENS/USDT", "vlatual": "7.39", "vlanter": "7.39", "percent": "0.00000000", "favorita": null}, {"id": 3367, "starttime": "1686547200000", "moeda": "AVAX/USDT", "vlatual": "11.429", "vlanter": "11.421", "percent": "0.06999738", "favorita": null}, {"id": 3368, "starttime": "1686547200000", "moeda": "WOO/USDT", "vlatual": "0.1734", "vlanter": "0.1733", "percent": "0.05767013", "favorita": null}, {"id": 3369, "starttime": "1686547200000", "moeda": "IMX/USDT", "vlatual": "0.5958", "vlanter": "0.5958", "percent": "0.00000000", "favorita": null}, {"id": 3370, "starttime": "1686547200000", "moeda": "ENS/USDT", "vlatual": "7.39", "vlanter": "7.39", "percent": "0.00000000", "favorita": null}, {"id": 3371, "starttime": "1686547200000", "moeda": "SLP/USDT", "vlatual": "0.001528", "vlanter": "0.001528", "percent": "0.00000000", "favorita": null}, {"id": 3372, "starttime": "1686547200000", "moeda": "C98/USDT", "vlatual": "0.1269", "vlanter": "0.127", "percent": "-0.07880221", "favorita": null}, {"id": 3373, "starttime": "1686547200000", "moeda": "ONE/USDT", "vlatual": "0.01073", "vlanter": "0.01074", "percent": "-0.09319664", "favorita": null}, {"id": 3374, "starttime": "1686547200000", "moeda": "SLP/USDT", "vlatual": "0.001528", "vlanter": "0.001528", "percent": "0.00000000", "favorita": null}, {"id": 3375, "starttime": "1686547200000", "moeda": "C98/USDT", "vlatual": "0.1269", "vlanter": "0.127", "percent": "-0.07880221", "favorita": null}, {"id": 3376, "starttime": "1686547200000", "moeda": "BOBA/USDT", "vlatual": "0.14139", "vlanter": "0.1414", "percent": "-0.00707264", "favorita": null}, {"id": 3377, "starttime": "1686547200000", "moeda": "ONE/USDT", "vlatual": "0.01073", "vlanter": "0.01074", "percent": "-0.09319664", "favorita": null}, {"id": 3378, "starttime": "1686547200000", "moeda": "JASMY/USDT", "vlatual": "0.003377", "vlanter": "0.003372", "percent": "0.14806041", "favorita": null}, {"id": 3379, "starttime": "1686547200000", "moeda": "GALA/USDT", "vlatual": "0.02142", "vlanter": "0.02135", "percent": "0.32679739", "favorita": null}, {"id": 3380, "starttime": "1686547200000", "moeda": "RNDR/USDT", "vlatual": "1.93252", "vlanter": "1.92893", "percent": "0.18576781", "favorita": null}, {"id": 3381, "starttime": "1686547200000", "moeda": "BOBA/USDT", "vlatual": "0.14139", "vlanter": "0.1414", "percent": "-0.00707264", "favorita": null}, {"id": 3382, "starttime": "1686547200000", "moeda": "JASMY/USDT", "vlatual": "0.003377", "vlanter": "0.003372", "percent": "0.14806041", "favorita": null}, {"id": 3383, "starttime": "1686547200000", "moeda": "XEM/USDT", "vlatual": "0.02599", "vlanter": "0.02599", "percent": "0.00000000", "favorita": null}, {"id": 3384, "starttime": "1686547200000", "moeda": "BICO/USDT", "vlatual": "0.2124", "vlanter": "0.2124", "percent": "0.00000000", "favorita": null}, {"id": 3385, "starttime": "1686547200000", "moeda": "GALA/USDT", "vlatual": "0.02142", "vlanter": "0.02135", "percent": "0.32679739", "favorita": null}, {"id": 3386, "starttime": "1686547200000", "moeda": "UMA/USDT", "vlatual": "1.475", "vlanter": "1.476", "percent": "-0.06779661", "favorita": null}, {"id": 3387, "starttime": "1686547200000", "moeda": "RNDR/USDT", "vlatual": "1.93252", "vlanter": "1.92893", "percent": "0.18576781", "favorita": null}, {"id": 3388, "starttime": "1686547200000", "moeda": "HOT/USDT", "vlatual": "0.001234", "vlanter": "0.001235", "percent": "-0.08103728", "favorita": null}, {"id": 3389, "starttime": "1686547200000", "moeda": "XEM/USDT", "vlatual": "0.02599", "vlanter": "0.02599", "percent": "0.00000000", "favorita": null}, {"id": 3390, "starttime": "1686547200000", "moeda": "BICO/USDT", "vlatual": "0.2124", "vlanter": "0.2124", "percent": "0.00000000", "favorita": null}, {"id": 3391, "starttime": "1686547200000", "moeda": "SNX/USDT", "vlatual": "1.76", "vlanter": "1.76", "percent": "0.00000000", "favorita": null}, {"id": 3392, "starttime": "1686547200000", "moeda": "REN/USDT", "vlatual": "0.0562", "vlanter": "0.05622", "percent": "-0.03558719", "favorita": null}, {"id": 3393, "starttime": "1686547200000", "moeda": "UMA/USDT", "vlatual": "1.475", "vlanter": "1.476", "percent": "-0.06779661", "favorita": null}, {"id": 3394, "starttime": "1686547200000", "moeda": "1INCH/USDT", "vlatual": "0.2675", "vlanter": "0.2679", "percent": "-0.14953271", "favorita": null}, {"id": 3395, "starttime": "1686547200000", "moeda": "HOT/USDT", "vlatual": "0.001234", "vlanter": "0.001235", "percent": "-0.08103728", "favorita": null}, {"id": 3396, "starttime": "1686547200000", "moeda": "LRC/USDT", "vlatual": "0.2092", "vlanter": "0.2094", "percent": "-0.09560229", "favorita": null}, {"id": 3397, "starttime": "1686547200000", "moeda": "SNX/USDT", "vlatual": "1.76", "vlanter": "1.76", "percent": "0.00000000", "favorita": null}, {"id": 3398, "starttime": "1686547200000", "moeda": "REN/USDT", "vlatual": "0.0562", "vlanter": "0.05622", "percent": "-0.03558719", "favorita": null}, {"id": 3399, "starttime": "1686547200000", "moeda": "LDO/USDT", "vlatual": "1.8188", "vlanter": "1.8172", "percent": "0.08797009", "favorita": null}, {"id": 3400, "starttime": "1686547200000", "moeda": "1INCH/USDT", "vlatual": "0.2675", "vlanter": "0.2679", "percent": "-0.14953271", "favorita": null}, {"id": 3401, "starttime": "1686547200000", "moeda": "LRC/USDT", "vlatual": "0.2092", "vlanter": "0.2094", "percent": "-0.09560229", "favorita": null}, {"id": 3402, "starttime": "1686547200000", "moeda": "LDO/USDT", "vlatual": "1.8188", "vlanter": "1.8172", "percent": "0.08797009", "favorita": null}, {"id": 3403, "starttime": "1686547200000", "moeda": "QTUM/USDT", "vlatual": "2.078", "vlanter": "2.078", "percent": "0.00000000", "favorita": null}, {"id": 3404, "starttime": "1686547200000", "moeda": "ZEN/USDT", "vlatual": "5.912", "vlanter": "5.917", "percent": "-0.08457375", "favorita": null}, {"id": 3405, "starttime": "1686547200000", "moeda": "THETA/USDT", "vlatual": "0.6399", "vlanter": "0.6399", "percent": "0.00000000", "favorita": null}, {"id": 3406, "starttime": "1686547200000", "moeda": "DGB/USDT", "vlatual": "0.00646", "vlanter": "0.00646", "percent": "0.00000000", "favorita": null}, {"id": 3407, "starttime": "1686547200000", "moeda": "QTUM/USDT", "vlatual": "2.078", "vlanter": "2.078", "percent": "0.00000000", "favorita": null}, {"id": 3408, "starttime": "1686547200000", "moeda": "RVN/USDT", "vlatual": "0.01639", "vlanter": "0.01639", "percent": "0.00000000", "favorita": null}, {"id": 3409, "starttime": "1686547200000", "moeda": "EGLD/USDT", "vlatual": "29.76", "vlanter": "29.78", "percent": "-0.06720430", "favorita": null}, {"id": 3410, "starttime": "1686547200000", "moeda": "ZEN/USDT", "vlatual": "5.912", "vlanter": "5.917", "percent": "-0.08457375", "favorita": null}, {"id": 3411, "starttime": "1686547200000", "moeda": "THETA/USDT", "vlatual": "0.6399", "vlanter": "0.6399", "percent": "0.00000000", "favorita": null}, {"id": 3412, "starttime": "1686547200000", "moeda": "RUNE/USDT", "vlatual": "0.892", "vlanter": "0.892", "percent": "0.00000000", "favorita": null}, {"id": 3413, "starttime": "1686547200000", "moeda": "DGB/USDT", "vlatual": "0.00646", "vlanter": "0.00646", "percent": "0.00000000", "favorita": null}, {"id": 3414, "starttime": "1686547200000", "moeda": "RVN/USDT", "vlatual": "0.01639", "vlanter": "0.01639", "percent": "0.00000000", "favorita": null}, {"id": 3415, "starttime": "1686547200000", "moeda": "EGLD/USDT", "vlatual": "29.76", "vlanter": "29.78", "percent": "-0.06720430", "favorita": null}, {"id": 3416, "starttime": "1686547200000", "moeda": "ICX/USDT", "vlatual": "0.1808", "vlanter": "0.1808", "percent": "0.00000000", "favorita": null}, {"id": 3417, "starttime": "1686547200000", "moeda": "RUNE/USDT", "vlatual": "0.892", "vlanter": "0.892", "percent": "0.00000000", "favorita": null}, {"id": 3418, "starttime": "1686547200000", "moeda": "HNT/USDT", "vlatual": "1.278", "vlanter": "1.278", "percent": "0.00000000", "favorita": null}, {"id": 3419, "starttime": "1686547200000", "moeda": "ICX/USDT", "vlatual": "0.1808", "vlanter": "0.1808", "percent": "0.00000000", "favorita": null}, {"id": 3420, "starttime": "1686547200000", "moeda": "ZIL/USDT", "vlatual": "0.01716", "vlanter": "0.01715", "percent": "0.05827506", "favorita": null}, {"id": 3421, "starttime": "1686547200000", "moeda": "HBAR/USDT", "vlatual": "0.04402", "vlanter": "0.04407", "percent": "-0.11358473", "favorita": null}, {"id": 3422, "starttime": "1686547200000", "moeda": "HNT/USDT", "vlatual": "1.278", "vlanter": "1.278", "percent": "0.00000000", "favorita": null}, {"id": 3423, "starttime": "1686547200000", "moeda": "FLOW/USDT", "vlatual": "0.4871", "vlanter": "0.4871", "percent": "0.00000000", "favorita": null}, {"id": 3424, "starttime": "1686547200000", "moeda": "ZIL/USDT", "vlatual": "0.01716", "vlanter": "0.01715", "percent": "0.05827506", "favorita": null}, {"id": 3425, "starttime": "1686547200000", "moeda": "HBAR/USDT", "vlatual": "0.04402", "vlanter": "0.04407", "percent": "-0.11358473", "favorita": null}, {"id": 3426, "starttime": "1686547200000", "moeda": "FLOW/USDT", "vlatual": "0.4871", "vlanter": "0.4871", "percent": "0.00000000", "favorita": null}, {"id": 3427, "starttime": "1686547200000", "moeda": "STX/USDT", "vlatual": "0.5135", "vlanter": "0.51369", "percent": "-0.03700097", "favorita": null}, {"id": 3428, "starttime": "1686547200000", "moeda": "STX/USDT", "vlatual": "0.5135", "vlanter": "0.51369", "percent": "-0.03700097", "favorita": null}, {"id": 3429, "starttime": "1686547200000", "moeda": "LOOKS/USDT", "vlatual": "0.05394", "vlanter": "0.05395", "percent": "-0.01853912", "favorita": null}, {"id": 3430, "starttime": "1686547200000", "moeda": "BUSD/USDT", "vlatual": "0.9994", "vlanter": "0.9995", "percent": "-0.01000600", "favorita": null}, {"id": 3431, "starttime": "1686547200000", "moeda": "LOOKS/USDT", "vlatual": "0.05394", "vlanter": "0.05395", "percent": "-0.01853912", "favorita": null}, {"id": 3432, "starttime": "1686547200000", "moeda": "BUSD/USDT", "vlatual": "0.9994", "vlanter": "0.9995", "percent": "-0.01000600", "favorita": null}, {"id": 3433, "starttime": "1686547200000", "moeda": "RSS3/USDT", "vlatual": "0.09331", "vlanter": "0.09336", "percent": "-0.05358482", "favorita": null}, {"id": 3434, "starttime": "1686547200000", "moeda": "RSS3/USDT", "vlatual": "0.09331", "vlanter": "0.09336", "percent": "-0.05358482", "favorita": null}, {"id": 3435, "starttime": "1686547200000", "moeda": "GMX/USDT", "vlatual": "42.18", "vlanter": "42.202", "percent": "-0.05215742", "favorita": null}, {"id": 3436, "starttime": "1686547200000", "moeda": "T/USDT", "vlatual": "0.01783", "vlanter": "0.01784", "percent": "-0.05608525", "favorita": null}, {"id": 3437, "starttime": "1686547200000", "moeda": "GMX/USDT", "vlatual": "42.18", "vlanter": "42.202", "percent": "-0.05215742", "favorita": null}, {"id": 3438, "starttime": "1686547200000", "moeda": "ACH/USDT", "vlatual": "0.019663", "vlanter": "0.019562", "percent": "0.51365509", "favorita": null}, {"id": 3439, "starttime": "1686547200000", "moeda": "T/USDT", "vlatual": "0.01783", "vlanter": "0.01784", "percent": "-0.05608525", "favorita": null}, {"id": 3440, "starttime": "1686547200000", "moeda": "JST/USDT", "vlatual": "0.01994", "vlanter": "0.01995", "percent": "-0.05015045", "favorita": null}, {"id": 3441, "starttime": "1686547200000", "moeda": "ACH/USDT", "vlatual": "0.019663", "vlanter": "0.019562", "percent": "0.51365509", "favorita": null}, {"id": 3442, "starttime": "1686547200000", "moeda": "SUN/USDT", "vlatual": "0.005265", "vlanter": "0.005263", "percent": "0.03798670", "favorita": null}, {"id": 3443, "starttime": "1686547200000", "moeda": "JST/USDT", "vlatual": "0.01994", "vlanter": "0.01995", "percent": "-0.05015045", "favorita": null}, {"id": 3444, "starttime": "1686547200000", "moeda": "SUN/USDT", "vlatual": "0.005265", "vlanter": "0.005263", "percent": "0.03798670", "favorita": null}, {"id": 3445, "starttime": "1686547200000", "moeda": "TRX/USDT", "vlatual": "0.06998", "vlanter": "0.06997", "percent": "0.01428980", "favorita": null}, {"id": 3446, "starttime": "1686547200000", "moeda": "TRX/USDT", "vlatual": "0.06998", "vlanter": "0.06997", "percent": "0.01428980", "favorita": null}, {"id": 3447, "starttime": "1686547200000", "moeda": "SCRT/USDT", "vlatual": "0.287", "vlanter": "0.287", "percent": "0.00000000", "favorita": null}, {"id": 3448, "starttime": "1686547200000", "moeda": "SCRT/USDT", "vlatual": "0.287", "vlanter": "0.287", "percent": "0.00000000", "favorita": null}, {"id": 3449, "starttime": "1686547200000", "moeda": "BNB/USDT", "vlatual": "226.79", "vlanter": "227.1", "percent": "-0.13669033", "favorita": null}, {"id": 3450, "starttime": "1686547200000", "moeda": "NEAR/USDT", "vlatual": "1.194", "vlanter": "1.192", "percent": "0.16750419", "favorita": null}, {"id": 3451, "starttime": "1686547200000", "moeda": "PAXG/USDT", "vlatual": "1915.0", "vlanter": "1916.0", "percent": "-0.05221932", "favorita": null}, {"id": 3452, "starttime": "1686547200000", "moeda": "APE/USDT", "vlatual": "2.33", "vlanter": "2.328", "percent": "0.08583691", "favorita": null}, {"id": 3453, "starttime": "1686547200000", "moeda": "BNB/USDT", "vlatual": "226.79", "vlanter": "227.1", "percent": "-0.13669033", "favorita": null}, {"id": 3454, "starttime": "1686547200000", "moeda": "NEAR/USDT", "vlatual": "1.194", "vlanter": "1.192", "percent": "0.16750419", "favorita": null}, {"id": 3455, "starttime": "1686547200000", "moeda": "PAXG/USDT", "vlatual": "1915.0", "vlanter": "1916.0", "percent": "-0.05221932", "favorita": null}, {"id": 3456, "starttime": "1686547200000", "moeda": "APE/USDT", "vlatual": "2.33", "vlanter": "2.328", "percent": "0.08583691", "favorita": null}, {"id": 3457, "starttime": "1686547200000", "moeda": "MINA/USDT", "vlatual": "0.4123", "vlanter": "0.413", "percent": "-0.16977929", "favorita": null}, {"id": 3458, "starttime": "1686547200000", "moeda": "SC/USDT", "vlatual": "0.002606", "vlanter": "0.00261", "percent": "-0.15349194", "favorita": null}, {"id": 3459, "starttime": "1686547200000", "moeda": "MINA/USDT", "vlatual": "0.4123", "vlanter": "0.413", "percent": "-0.16977929", "favorita": null}, {"id": 3460, "starttime": "1686547200000", "moeda": "STG/USDT", "vlatual": "0.5339", "vlanter": "0.5332", "percent": "0.13111069", "favorita": null}, {"id": 3461, "starttime": "1686547200000", "moeda": "SC/USDT", "vlatual": "0.002606", "vlanter": "0.00261", "percent": "-0.15349194", "favorita": null}, {"id": 3462, "starttime": "1686547200000", "moeda": "GLMR/USDT", "vlatual": "0.22522", "vlanter": "0.22534", "percent": "-0.05328124", "favorita": null}, {"id": 3463, "starttime": "1686547200000", "moeda": "STG/USDT", "vlatual": "0.5339", "vlanter": "0.5332", "percent": "0.13111069", "favorita": null}, {"id": 3464, "starttime": "1686547200000", "moeda": "GLMR/USDT", "vlatual": "0.22522", "vlanter": "0.22534", "percent": "-0.05328124", "favorita": null}, {"id": 3465, "starttime": "1686547200000", "moeda": "GMT/USDT", "vlatual": "0.1873", "vlanter": "0.1873", "percent": "0.00000000", "favorita": null}, {"id": 3466, "starttime": "1686547200000", "moeda": "CELO/USDT", "vlatual": "0.405", "vlanter": "0.405", "percent": "0.00000000", "favorita": null}, {"id": 3467, "starttime": "1686547200000", "moeda": "GMT/USDT", "vlatual": "0.1873", "vlanter": "0.1873", "percent": "0.00000000", "favorita": null}, {"id": 3468, "starttime": "1686547200000", "moeda": "CELO/USDT", "vlatual": "0.405", "vlanter": "0.405", "percent": "0.00000000", "favorita": null}, {"id": 3469, "starttime": "1686547200000", "moeda": "CTC/USDT", "vlatual": "0.2255", "vlanter": "0.2255", "percent": "0.00000000", "favorita": null}, {"id": 3470, "starttime": "1686547200000", "moeda": "FITFI/USDT", "vlatual": "0.003224", "vlanter": "0.003216", "percent": "0.24813896", "favorita": null}, {"id": 3471, "starttime": "1686547200000", "moeda": "CTC/USDT", "vlatual": "0.2255", "vlanter": "0.2255", "percent": "0.00000000", "favorita": null}, {"id": 3472, "starttime": "1686547200000", "moeda": "GAL/USDT", "vlatual": "1.0052", "vlanter": "1.0052", "percent": "0.00000000", "favorita": null}, {"id": 3473, "starttime": "1686547200000", "moeda": "FITFI/USDT", "vlatual": "0.003224", "vlanter": "0.003216", "percent": "0.24813896", "favorita": null}, {"id": 3474, "starttime": "1686547200000", "moeda": "GAL/USDT", "vlatual": "1.0052", "vlanter": "1.0052", "percent": "0.00000000", "favorita": null}, {"id": 3475, "starttime": "1686547200000", "moeda": "OP/USDT", "vlatual": "1.0806", "vlanter": "1.0799", "percent": "0.06477883", "favorita": null}, {"id": 3476, "starttime": "1686547200000", "moeda": "OP/USDT", "vlatual": "1.0806", "vlanter": "1.0799", "percent": "0.06477883", "favorita": null}, {"id": 3477, "starttime": "1686547200000", "moeda": "BEL/USDT", "vlatual": "0.5547", "vlanter": "0.5541", "percent": "0.10816658", "favorita": null}, {"id": 3478, "starttime": "1686547200000", "moeda": "BEL/USDT", "vlatual": "0.5547", "vlanter": "0.5541", "percent": "0.10816658", "favorita": null}, {"id": 3479, "starttime": "1686547200000", "moeda": "AR/USDT", "vlatual": "5.02", "vlanter": "5.02", "percent": "0.00000000", "favorita": null}, {"id": 3480, "starttime": "1686547200000", "moeda": "KDA/USDT", "vlatual": "0.5467", "vlanter": "0.5468", "percent": "-0.01829157", "favorita": null}, {"id": 3481, "starttime": "1686547200000", "moeda": "ROSE/USDT", "vlatual": "0.04241", "vlanter": "0.04234", "percent": "0.16505541", "favorita": null}, {"id": 3482, "starttime": "1686547200000", "moeda": "AR/USDT", "vlatual": "5.02", "vlanter": "5.02", "percent": "0.00000000", "favorita": null}, {"id": 3483, "starttime": "1686547200000", "moeda": "KDA/USDT", "vlatual": "0.5467", "vlanter": "0.5468", "percent": "-0.01829157", "favorita": null}, {"id": 3484, "starttime": "1686547200000", "moeda": "ROSE/USDT", "vlatual": "0.04241", "vlanter": "0.04234", "percent": "0.16505541", "favorita": null}, {"id": 3485, "starttime": "1686547200000", "moeda": "SWEAT/USDT", "vlatual": "0.00483", "vlanter": "0.00483", "percent": "0.00000000", "favorita": null}, {"id": 3486, "starttime": "1686547200000", "moeda": "ETHW/USDT", "vlatual": "1.439", "vlanter": "1.44", "percent": "-0.06949270", "favorita": null}, {"id": 3487, "starttime": "1686547200000", "moeda": "INJ/USDT", "vlatual": "5.6814", "vlanter": "5.6705", "percent": "0.19185412", "favorita": null}, {"id": 3488, "starttime": "1686547200000", "moeda": "SWEAT/USDT", "vlatual": "0.00483", "vlanter": "0.00483", "percent": "0.00000000", "favorita": null}, {"id": 3489, "starttime": "1686547200000", "moeda": "ETHW/USDT", "vlatual": "1.439", "vlanter": "1.44", "percent": "-0.06949270", "favorita": null}, {"id": 3490, "starttime": "1686547200000", "moeda": "INJ/USDT", "vlatual": "5.6814", "vlanter": "5.6705", "percent": "0.19185412", "favorita": null}, {"id": 3491, "starttime": "1686547200000", "moeda": "APT/USDT", "vlatual": "6.1784", "vlanter": "6.1641", "percent": "0.23145151", "favorita": null}, {"id": 3492, "starttime": "1686547200000", "moeda": "MASK/USDT", "vlatual": "3.571", "vlanter": "3.564", "percent": "0.19602352", "favorita": null}, {"id": 3493, "starttime": "1686547200000", "moeda": "HFT/USDT", "vlatual": "0.3358", "vlanter": "0.3357", "percent": "0.02977963", "favorita": null}, {"id": 3494, "starttime": "1686547200000", "moeda": "PEOPLE/USDT", "vlatual": "0.01108", "vlanter": "0.01107", "percent": "0.09025271", "favorita": null}, {"id": 3495, "starttime": "1686547200000", "moeda": "TWT/USDT", "vlatual": "0.7229", "vlanter": "0.7227", "percent": "0.02766634", "favorita": null}, {"id": 3496, "starttime": "1686547200000", "moeda": "APT/USDT", "vlatual": "6.1784", "vlanter": "6.1641", "percent": "0.23145151", "favorita": null}, {"id": 3497, "starttime": "1686547200000", "moeda": "HOOK/USDT", "vlatual": "0.9415", "vlanter": "0.9422", "percent": "-0.07434944", "favorita": null}, {"id": 3498, "starttime": "1686547200000", "moeda": "MASK/USDT", "vlatual": "3.571", "vlanter": "3.564", "percent": "0.19602352", "favorita": null}, {"id": 3499, "starttime": "1686547200000", "moeda": "HFT/USDT", "vlatual": "0.3358", "vlanter": "0.3357", "percent": "0.02977963", "favorita": null}, {"id": 3500, "starttime": "1686547200000", "moeda": "MAGIC/USDT", "vlatual": "0.6741", "vlanter": "0.6738", "percent": "0.04450378", "favorita": null}, {"id": 3501, "starttime": "1686547200000", "moeda": "PEOPLE/USDT", "vlatual": "0.01108", "vlanter": "0.01107", "percent": "0.09025271", "favorita": null}, {"id": 3502, "starttime": "1686547200000", "moeda": "TWT/USDT", "vlatual": "0.7229", "vlanter": "0.7227", "percent": "0.02766634", "favorita": null}, {"id": 3503, "starttime": "1686547200000", "moeda": "HOOK/USDT", "vlatual": "0.9415", "vlanter": "0.9422", "percent": "-0.07434944", "favorita": null}, {"id": 3504, "starttime": "1686547200000", "moeda": "FLR/USDT", "vlatual": "0.01684", "vlanter": "0.01676", "percent": "0.47505938", "favorita": null}, {"id": 3505, "starttime": "1686547200000", "moeda": "RPL/USDT", "vlatual": "43.388", "vlanter": "43.388", "percent": "0.00000000", "favorita": null}, {"id": 3506, "starttime": "1686547200000", "moeda": "SSV/USDT", "vlatual": "15.989", "vlanter": "15.988", "percent": "0.00625430", "favorita": null}, {"id": 3507, "starttime": "1686547200000", "moeda": "MAGIC/USDT", "vlatual": "0.6741", "vlanter": "0.6738", "percent": "0.04450378", "favorita": null}, {"id": 3508, "starttime": "1686547200000", "moeda": "FXS/USDT", "vlatual": "4.8684", "vlanter": "4.8675", "percent": "0.01848657", "favorita": null}, {"id": 3509, "starttime": "1686547200000", "moeda": "CORE/USDT", "vlatual": "0.7901", "vlanter": "0.7894", "percent": "0.08859638", "favorita": null}, {"id": 3510, "starttime": "1686547200000", "moeda": "RDNT/USDT", "vlatual": "0.2432", "vlanter": "0.24311", "percent": "0.03700658", "favorita": null}, {"id": 3511, "starttime": "1686547200000", "moeda": "BLUR/USDT", "vlatual": "0.3059", "vlanter": "0.3053", "percent": "0.19614253", "favorita": null}, {"id": 3512, "starttime": "1686547200000", "moeda": "FLR/USDT", "vlatual": "0.01684", "vlanter": "0.01676", "percent": "0.47505938", "favorita": null}, {"id": 3513, "starttime": "1686547200000", "moeda": "AGIX/USDT", "vlatual": "0.19761", "vlanter": "0.19776", "percent": "-0.07590709", "favorita": null}, {"id": 3514, "starttime": "1686547200000", "moeda": "RPL/USDT", "vlatual": "43.388", "vlanter": "43.388", "percent": "0.00000000", "favorita": null}, {"id": 3515, "starttime": "1686547200000", "moeda": "SSV/USDT", "vlatual": "15.989", "vlanter": "15.988", "percent": "0.00625430", "favorita": null}, {"id": 3516, "starttime": "1686547200000", "moeda": "FXS/USDT", "vlatual": "4.8684", "vlanter": "4.8675", "percent": "0.01848657", "favorita": null}, {"id": 3517, "starttime": "1686547200000", "moeda": "CORE/USDT", "vlatual": "0.7901", "vlanter": "0.7894", "percent": "0.08859638", "favorita": null}, {"id": 3518, "starttime": "1686547200000", "moeda": "RDNT/USDT", "vlatual": "0.2432", "vlanter": "0.24311", "percent": "0.03700658", "favorita": null}, {"id": 3519, "starttime": "1686547200000", "moeda": "BLUR/USDT", "vlatual": "0.3059", "vlanter": "0.3053", "percent": "0.19614253", "favorita": null}, {"id": 3520, "starttime": "1686547200000", "moeda": "AGIX/USDT", "vlatual": "0.19761", "vlanter": "0.19776", "percent": "-0.07590709", "favorita": null}, {"id": 3521, "starttime": "1686547200000", "moeda": "GPT/USDT", "vlatual": "0.00886", "vlanter": "0.0088", "percent": "0.67720090", "favorita": null}, {"id": 3522, "starttime": "1686547200000", "moeda": "ID/USDT", "vlatual": "0.25808", "vlanter": "0.25759", "percent": "0.18986361", "favorita": null}, {"id": 3523, "starttime": "1686547200000", "moeda": "ARB/USDT", "vlatual": "0.9676", "vlanter": "0.968", "percent": "-0.04133940", "favorita": null}, {"id": 3524, "starttime": "1686547200000", "moeda": "GPT/USDT", "vlatual": "0.00886", "vlanter": "0.0088", "percent": "0.67720090", "favorita": null}, {"id": 3525, "starttime": "1686547200000", "moeda": "ID/USDT", "vlatual": "0.25808", "vlanter": "0.25759", "percent": "0.18986361", "favorita": null}, {"id": 3526, "starttime": "1686547200000", "moeda": "ARB/USDT", "vlatual": "0.9676", "vlanter": "0.968", "percent": "-0.04133940", "favorita": null}, {"id": 3527, "starttime": "1686547200000", "moeda": "SUI/USDT", "vlatual": "0.61045", "vlanter": "0.61101", "percent": "-0.09173560", "favorita": null}, {"id": 3528, "starttime": "1686547200000", "moeda": "SUI/USDT", "vlatual": "0.61045", "vlanter": "0.61101", "percent": "-0.09173560", "favorita": null}]