[{"id": 3530, "starttime": "1686547560000", "moeda": "BTC/USDT", "vlatual": "25812.36", "vlanter": "25808.5", "percent": "0.01495408", "favorita": null}, {"id": 3531, "starttime": "1686547560000", "moeda": "ETH/USDT", "vlatual": "1739.59", "vlanter": "1738.84", "percent": "0.04311361", "favorita": null}, {"id": 3532, "starttime": "1686547560000", "moeda": "ETH/USDT", "vlatual": "1739.59", "vlanter": "1738.84", "percent": "0.04311361", "favorita": null}, {"id": 3533, "starttime": "1686547560000", "moeda": "XRP/USDT", "vlatual": "0.5161", "vlanter": "0.5158", "percent": "0.05812827", "favorita": null}, {"id": 3534, "starttime": "1686547560000", "moeda": "XRP/USDT", "vlatual": "0.5161", "vlanter": "0.5158", "percent": "0.05812827", "favorita": null}, {"id": 3535, "starttime": "1686547560000", "moeda": "EOS/USDT", "vlatual": "0.667", "vlanter": "0.666", "percent": "0.14992504", "favorita": null}, {"id": 3536, "starttime": "1686547560000", "moeda": "EOS/USDT", "vlatual": "0.667", "vlanter": "0.666", "percent": "0.14992504", "favorita": null}, {"id": 3537, "starttime": "1686547560000", "moeda": "DOT/USDT", "vlatual": "4.493", "vlanter": "4.491", "percent": "0.04451369", "favorita": null}, {"id": 3538, "starttime": "1686547560000", "moeda": "DOT/USDT", "vlatual": "4.493", "vlanter": "4.491", "percent": "0.04451369", "favorita": null}, {"id": 3539, "starttime": "1686547560000", "moeda": "XLM/USDT", "vlatual": "0.08302", "vlanter": "0.08296", "percent": "0.07227174", "favorita": null}, {"id": 3540, "starttime": "1686547560000", "moeda": "XLM/USDT", "vlatual": "0.08302", "vlanter": "0.08296", "percent": "0.07227174", "favorita": null}, {"id": 3541, "starttime": "1686547560000", "moeda": "LTC/USDT", "vlatual": "76.23", "vlanter": "76.15", "percent": "0.10494556", "favorita": null}, {"id": 3542, "starttime": "1686547560000", "moeda": "LTC/USDT", "vlatual": "76.23", "vlanter": "76.15", "percent": "0.10494556", "favorita": null}, {"id": 3543, "starttime": "1686547560000", "moeda": "DOGE/USDT", "vlatual": "0.06082", "vlanter": "0.06082", "percent": "0.00000000", "favorita": null}, {"id": 3544, "starttime": "1686547560000", "moeda": "DOGE/USDT", "vlatual": "0.06082", "vlanter": "0.06082", "percent": "0.00000000", "favorita": null}, {"id": 3545, "starttime": "1686547560000", "moeda": "BIT/USDT", "vlatual": "0.4234", "vlanter": "0.4235", "percent": "-0.02361833", "favorita": null}, {"id": 3546, "starttime": "1686547560000", "moeda": "BIT/USDT", "vlatual": "0.4234", "vlanter": "0.4235", "percent": "-0.02361833", "favorita": null}, {"id": 3547, "starttime": "1686547560000", "moeda": "CHZ/USDT", "vlatual": "0.0666", "vlanter": "0.0666", "percent": "0.00000000", "favorita": null}, {"id": 3548, "starttime": "1686547560000", "moeda": "AXS/USDT", "vlatual": "4.83", "vlanter": "4.821", "percent": "0.18633540", "favorita": null}, {"id": 3549, "starttime": "1686547560000", "moeda": "MANA/USDT", "vlatual": "0.3381", "vlanter": "0.3379", "percent": "0.05915410", "favorita": null}, {"id": 3550, "starttime": "1686547560000", "moeda": "CHZ/USDT", "vlatual": "0.0666", "vlanter": "0.0666", "percent": "0.00000000", "favorita": null}, {"id": 3551, "starttime": "1686547560000", "moeda": "DYDX/USDT", "vlatual": "1.516", "vlanter": "1.517", "percent": "-0.06596306", "favorita": null}, {"id": 3552, "starttime": "1686547560000", "moeda": "AXS/USDT", "vlatual": "4.83", "vlanter": "4.821", "percent": "0.18633540", "favorita": null}, {"id": 3553, "starttime": "1686547560000", "moeda": "MKR/USDT", "vlatual": "614.2", "vlanter": "614.1", "percent": "0.01628134", "favorita": null}, {"id": 3554, "starttime": "1686547560000", "moeda": "MANA/USDT", "vlatual": "0.3381", "vlanter": "0.3379", "percent": "0.05915410", "favorita": null}, {"id": 3555, "starttime": "1686547560000", "moeda": "COMP/USDT", "vlatual": "26.32", "vlanter": "26.33", "percent": "-0.03799392", "favorita": null}, {"id": 3556, "starttime": "1686547560000", "moeda": "DYDX/USDT", "vlatual": "1.516", "vlanter": "1.517", "percent": "-0.06596306", "favorita": null}, {"id": 3557, "starttime": "1686547560000", "moeda": "AAVE/USDT", "vlatual": "51.89", "vlanter": "51.89", "percent": "0.00000000", "favorita": null}, {"id": 3558, "starttime": "1686547560000", "moeda": "MKR/USDT", "vlatual": "614.2", "vlanter": "614.1", "percent": "0.01628134", "favorita": null}, {"id": 3559, "starttime": "1686547560000", "moeda": "YFI/USDT", "vlatual": "5361.0", "vlanter": "5357.0", "percent": "0.07461295", "favorita": null}, {"id": 3560, "starttime": "1686547560000", "moeda": "LINK/USDT", "vlatual": "5.079", "vlanter": "5.08", "percent": "-0.01968892", "favorita": null}, {"id": 3561, "starttime": "1686547560000", "moeda": "COMP/USDT", "vlatual": "26.32", "vlanter": "26.33", "percent": "-0.03799392", "favorita": null}, {"id": 3562, "starttime": "1686547560000", "moeda": "SUSHI/USDT", "vlatual": "0.556", "vlanter": "0.555", "percent": "0.17985612", "favorita": null}, {"id": 3563, "starttime": "1686547560000", "moeda": "UNI/USDT", "vlatual": "4.054", "vlanter": "4.052", "percent": "0.04933399", "favorita": null}, {"id": 3564, "starttime": "1686547560000", "moeda": "AAVE/USDT", "vlatual": "51.89", "vlanter": "51.89", "percent": "0.00000000", "favorita": null}, {"id": 3565, "starttime": "1686547560000", "moeda": "YFI/USDT", "vlatual": "5361.0", "vlanter": "5357.0", "percent": "0.07461295", "favorita": null}, {"id": 3566, "starttime": "1686547560000", "moeda": "KSM/USDT", "vlatual": "21.86", "vlanter": "21.85", "percent": "0.04574565", "favorita": null}, {"id": 3567, "starttime": "1686547560000", "moeda": "LINK/USDT", "vlatual": "5.079", "vlanter": "5.08", "percent": "-0.01968892", "favorita": null}, {"id": 3568, "starttime": "1686547560000", "moeda": "ICP/USDT", "vlatual": "3.615", "vlanter": "3.615", "percent": "0.00000000", "favorita": null}, {"id": 3569, "starttime": "1686547560000", "moeda": "SUSHI/USDT", "vlatual": "0.556", "vlanter": "0.555", "percent": "0.17985612", "favorita": null}, {"id": 3570, "starttime": "1686547560000", "moeda": "ADA/USDT", "vlatual": "0.2721", "vlanter": "0.2719", "percent": "0.07350239", "favorita": null}, {"id": 3571, "starttime": "1686547560000", "moeda": "UNI/USDT", "vlatual": "4.054", "vlanter": "4.052", "percent": "0.04933399", "favorita": null}, {"id": 3572, "starttime": "1686547560000", "moeda": "ETC/USDT", "vlatual": "14.952", "vlanter": "14.947", "percent": "0.03344034", "favorita": null}, {"id": 3573, "starttime": "1686547560000", "moeda": "KSM/USDT", "vlatual": "21.86", "vlanter": "21.85", "percent": "0.04574565", "favorita": null}, {"id": 3574, "starttime": "1686547560000", "moeda": "KLAY/USDT", "vlatual": "0.1509", "vlanter": "0.1509", "percent": "0.00000000", "favorita": null}, {"id": 3575, "starttime": "1686547560000", "moeda": "ICP/USDT", "vlatual": "3.615", "vlanter": "3.615", "percent": "0.00000000", "favorita": null}, {"id": 3576, "starttime": "1686547560000", "moeda": "XTZ/USDT", "vlatual": "0.71", "vlanter": "0.71", "percent": "0.00000000", "favorita": null}, {"id": 3577, "starttime": "1686547560000", "moeda": "ADA/USDT", "vlatual": "0.2721", "vlanter": "0.2719", "percent": "0.07350239", "favorita": null}, {"id": 3578, "starttime": "1686547560000", "moeda": "BCH/USDT", "vlatual": "102.47", "vlanter": "102.48", "percent": "-0.00975895", "favorita": null}, {"id": 3579, "starttime": "1686547560000", "moeda": "ETC/USDT", "vlatual": "14.952", "vlanter": "14.947", "percent": "0.03344034", "favorita": null}, {"id": 3580, "starttime": "1686547560000", "moeda": "KLAY/USDT", "vlatual": "0.1509", "vlanter": "0.1509", "percent": "0.00000000", "favorita": null}, {"id": 3581, "starttime": "1686547560000", "moeda": "XTZ/USDT", "vlatual": "0.71", "vlanter": "0.71", "percent": "0.00000000", "favorita": null}, {"id": 3582, "starttime": "1686547560000", "moeda": "USDC/USDT", "vlatual": "0.9997", "vlanter": "0.9997", "percent": "0.00000000", "favorita": null}, {"id": 3583, "starttime": "1686547560000", "moeda": "BCH/USDT", "vlatual": "102.47", "vlanter": "102.48", "percent": "-0.00975895", "favorita": null}, {"id": 3584, "starttime": "1686547560000", "moeda": "GRT/USDT", "vlatual": "0.0962", "vlanter": "0.09609", "percent": "0.11434511", "favorita": null}, {"id": 3585, "starttime": "1686547560000", "moeda": "SOL/USDT", "vlatual": "15.141", "vlanter": "15.141", "percent": "0.00000000", "favorita": null}, {"id": 3586, "starttime": "1686547560000", "moeda": "FIL/USDT", "vlatual": "3.373", "vlanter": "3.37", "percent": "0.08894160", "favorita": null}, {"id": 3587, "starttime": "1686547560000", "moeda": "USDC/USDT", "vlatual": "0.9997", "vlanter": "0.9997", "percent": "0.00000000", "favorita": null}, {"id": 3588, "starttime": "1686547560000", "moeda": "OMG/USDT", "vlatual": "0.542", "vlanter": "0.541", "percent": "0.18450185", "favorita": null}, {"id": 3589, "starttime": "1686547560000", "moeda": "GRT/USDT", "vlatual": "0.0962", "vlanter": "0.09609", "percent": "0.11434511", "favorita": null}, {"id": 3590, "starttime": "1686547560000", "moeda": "SOL/USDT", "vlatual": "15.141", "vlanter": "15.141", "percent": "0.00000000", "favorita": null}, {"id": 3591, "starttime": "1686547560000", "moeda": "BAT/USDT", "vlatual": "0.1681", "vlanter": "0.1679", "percent": "0.11897680", "favorita": null}, {"id": 3592, "starttime": "1686547560000", "moeda": "FIL/USDT", "vlatual": "3.373", "vlanter": "3.37", "percent": "0.08894160", "favorita": null}, {"id": 3593, "starttime": "1686547560000", "moeda": "ZRX/USDT", "vlatual": "0.1734", "vlanter": "0.1735", "percent": "-0.05767013", "favorita": null}, {"id": 3594, "starttime": "1686547560000", "moeda": "CRV/USDT", "vlatual": "0.658", "vlanter": "0.657", "percent": "0.15197568", "favorita": null}, {"id": 3595, "starttime": "1686547560000", "moeda": "OMG/USDT", "vlatual": "0.542", "vlanter": "0.541", "percent": "0.18450185", "favorita": null}, {"id": 3596, "starttime": "1686547560000", "moeda": "AGLD/USDT", "vlatual": "0.52", "vlanter": "0.5201", "percent": "-0.01923077", "favorita": null}, {"id": 3597, "starttime": "1686547560000", "moeda": "BAT/USDT", "vlatual": "0.1681", "vlanter": "0.1679", "percent": "0.11897680", "favorita": null}, {"id": 3598, "starttime": "1686547560000", "moeda": "ANKR/USDT", "vlatual": "0.01972", "vlanter": "0.01969", "percent": "0.15212982", "favorita": null}, {"id": 3599, "starttime": "1686547560000", "moeda": "ZRX/USDT", "vlatual": "0.1734", "vlanter": "0.1735", "percent": "-0.05767013", "favorita": null}, {"id": 3600, "starttime": "1686547560000", "moeda": "CRV/USDT", "vlatual": "0.658", "vlanter": "0.657", "percent": "0.15197568", "favorita": null}, {"id": 3601, "starttime": "1686547560000", "moeda": "MATIC/USDT", "vlatual": "0.6296", "vlanter": "0.6287", "percent": "0.14294790", "favorita": null}, {"id": 3602, "starttime": "1686547560000", "moeda": "WAVES/USDT", "vlatual": "1.3502", "vlanter": "1.3488", "percent": "0.10368834", "favorita": null}, {"id": 3603, "starttime": "1686547560000", "moeda": "AGLD/USDT", "vlatual": "0.52", "vlanter": "0.5201", "percent": "-0.01923077", "favorita": null}, {"id": 3604, "starttime": "1686547560000", "moeda": "SPELL/USDT", "vlatual": "0.000425", "vlanter": "0.000424", "percent": "0.23529412", "favorita": null}, {"id": 3605, "starttime": "1686547560000", "moeda": "ANKR/USDT", "vlatual": "0.01972", "vlanter": "0.01969", "percent": "0.15212982", "favorita": null}, {"id": 3606, "starttime": "1686547560000", "moeda": "MATIC/USDT", "vlatual": "0.6296", "vlanter": "0.6287", "percent": "0.14294790", "favorita": null}, {"id": 3607, "starttime": "1686547560000", "moeda": "WAVES/USDT", "vlatual": "1.3502", "vlanter": "1.3488", "percent": "0.10368834", "favorita": null}, {"id": 3608, "starttime": "1686547560000", "moeda": "FTM/USDT", "vlatual": "0.2402", "vlanter": "0.2399", "percent": "0.12489592", "favorita": null}, {"id": 3609, "starttime": "1686547560000", "moeda": "ATOM/USDT", "vlatual": "8.404", "vlanter": "8.408", "percent": "-0.04759638", "favorita": null}, {"id": 3610, "starttime": "1686547560000", "moeda": "SPELL/USDT", "vlatual": "0.000425", "vlanter": "0.000424", "percent": "0.23529412", "favorita": null}, {"id": 3611, "starttime": "1686547560000", "moeda": "ALGO/USDT", "vlatual": "0.1098", "vlanter": "0.1097", "percent": "0.09107468", "favorita": null}, {"id": 3612, "starttime": "1686547560000", "moeda": "ENJ/USDT", "vlatual": "0.2481", "vlanter": "0.2482", "percent": "-0.04030633", "favorita": null}, {"id": 3613, "starttime": "1686547560000", "moeda": "FTM/USDT", "vlatual": "0.2402", "vlanter": "0.2399", "percent": "0.12489592", "favorita": null}, {"id": 3614, "starttime": "1686547560000", "moeda": "ATOM/USDT", "vlatual": "8.404", "vlanter": "8.408", "percent": "-0.04759638", "favorita": null}, {"id": 3615, "starttime": "1686547560000", "moeda": "SAND/USDT", "vlatual": "0.3797", "vlanter": "0.3795", "percent": "0.05267316", "favorita": null}, {"id": 3616, "starttime": "1686547560000", "moeda": "ALGO/USDT", "vlatual": "0.1098", "vlanter": "0.1097", "percent": "0.09107468", "favorita": null}, {"id": 3617, "starttime": "1686547560000", "moeda": "AVAX/USDT", "vlatual": "11.428", "vlanter": "11.413", "percent": "0.13125656", "favorita": null}, {"id": 3618, "starttime": "1686547560000", "moeda": "ENJ/USDT", "vlatual": "0.2481", "vlanter": "0.2482", "percent": "-0.04030633", "favorita": null}, {"id": 3619, "starttime": "1686547560000", "moeda": "WOO/USDT", "vlatual": "0.1733", "vlanter": "0.1732", "percent": "0.05770340", "favorita": null}, {"id": 3620, "starttime": "1686547560000", "moeda": "SAND/USDT", "vlatual": "0.3797", "vlanter": "0.3795", "percent": "0.05267316", "favorita": null}, {"id": 3621, "starttime": "1686547560000", "moeda": "AVAX/USDT", "vlatual": "11.428", "vlanter": "11.413", "percent": "0.13125656", "favorita": null}, {"id": 3622, "starttime": "1686547560000", "moeda": "IMX/USDT", "vlatual": "0.5943", "vlanter": "0.5952", "percent": "-0.15143867", "favorita": null}, {"id": 3623, "starttime": "1686547560000", "moeda": "WOO/USDT", "vlatual": "0.1733", "vlanter": "0.1732", "percent": "0.05770340", "favorita": null}, {"id": 3624, "starttime": "1686547560000", "moeda": "ENS/USDT", "vlatual": "7.4", "vlanter": "7.4", "percent": "0.00000000", "favorita": null}, {"id": 3625, "starttime": "1686547560000", "moeda": "IMX/USDT", "vlatual": "0.5943", "vlanter": "0.5952", "percent": "-0.15143867", "favorita": null}, {"id": 3626, "starttime": "1686547560000", "moeda": "ENS/USDT", "vlatual": "7.4", "vlanter": "7.4", "percent": "0.00000000", "favorita": null}, {"id": 3627, "starttime": "1686547560000", "moeda": "SLP/USDT", "vlatual": "0.001528", "vlanter": "0.001529", "percent": "-0.06544503", "favorita": null}, {"id": 3628, "starttime": "1686547560000", "moeda": "C98/USDT", "vlatual": "0.1269", "vlanter": "0.1269", "percent": "0.00000000", "favorita": null}, {"id": 3629, "starttime": "1686547560000", "moeda": "ONE/USDT", "vlatual": "0.01073", "vlanter": "0.01072", "percent": "0.09319664", "favorita": null}, {"id": 3630, "starttime": "1686547560000", "moeda": "SLP/USDT", "vlatual": "0.001528", "vlanter": "0.001529", "percent": "-0.06544503", "favorita": null}, {"id": 3631, "starttime": "1686547560000", "moeda": "C98/USDT", "vlatual": "0.1269", "vlanter": "0.1269", "percent": "0.00000000", "favorita": null}, {"id": 3632, "starttime": "1686547560000", "moeda": "BOBA/USDT", "vlatual": "0.1416", "vlanter": "0.14143", "percent": "0.12005650", "favorita": null}, {"id": 3633, "starttime": "1686547560000", "moeda": "JASMY/USDT", "vlatual": "0.003378", "vlanter": "0.003374", "percent": "0.11841326", "favorita": null}, {"id": 3634, "starttime": "1686547560000", "moeda": "ONE/USDT", "vlatual": "0.01073", "vlanter": "0.01072", "percent": "0.09319664", "favorita": null}, {"id": 3635, "starttime": "1686547560000", "moeda": "GALA/USDT", "vlatual": "0.02141", "vlanter": "0.02138", "percent": "0.14012144", "favorita": null}, {"id": 3636, "starttime": "1686547560000", "moeda": "RNDR/USDT", "vlatual": "1.9341", "vlanter": "1.92877", "percent": "0.27558037", "favorita": null}, {"id": 3637, "starttime": "1686547560000", "moeda": "XEM/USDT", "vlatual": "0.02591", "vlanter": "0.026", "percent": "-0.34735623", "favorita": null}, {"id": 3638, "starttime": "1686547560000", "moeda": "BICO/USDT", "vlatual": "0.2124", "vlanter": "0.2123", "percent": "0.04708098", "favorita": null}, {"id": 3639, "starttime": "1686547560000", "moeda": "UMA/USDT", "vlatual": "1.474", "vlanter": "1.474", "percent": "0.00000000", "favorita": null}, {"id": 3640, "starttime": "1686547560000", "moeda": "BOBA/USDT", "vlatual": "0.1416", "vlanter": "0.14143", "percent": "0.12005650", "favorita": null}, {"id": 3641, "starttime": "1686547560000", "moeda": "HOT/USDT", "vlatual": "0.001233", "vlanter": "0.001234", "percent": "-0.08110300", "favorita": null}, {"id": 3642, "starttime": "1686547560000", "moeda": "JASMY/USDT", "vlatual": "0.003378", "vlanter": "0.003374", "percent": "0.11841326", "favorita": null}, {"id": 3643, "starttime": "1686547560000", "moeda": "GALA/USDT", "vlatual": "0.02141", "vlanter": "0.02138", "percent": "0.14012144", "favorita": null}, {"id": 3644, "starttime": "1686547560000", "moeda": "RNDR/USDT", "vlatual": "1.9341", "vlanter": "1.92877", "percent": "0.27558037", "favorita": null}, {"id": 3645, "starttime": "1686547560000", "moeda": "SNX/USDT", "vlatual": "1.757", "vlanter": "1.755", "percent": "0.11383039", "favorita": null}, {"id": 3646, "starttime": "1686547560000", "moeda": "REN/USDT", "vlatual": "0.05606", "vlanter": "0.05612", "percent": "-0.10702818", "favorita": null}, {"id": 3647, "starttime": "1686547560000", "moeda": "1INCH/USDT", "vlatual": "0.2674", "vlanter": "0.2674", "percent": "0.00000000", "favorita": null}, {"id": 3648, "starttime": "1686547560000", "moeda": "XEM/USDT", "vlatual": "0.02591", "vlanter": "0.026", "percent": "-0.34735623", "favorita": null}, {"id": 3649, "starttime": "1686547560000", "moeda": "LRC/USDT", "vlatual": "0.209", "vlanter": "0.2089", "percent": "0.04784689", "favorita": null}, {"id": 3650, "starttime": "1686547560000", "moeda": "BICO/USDT", "vlatual": "0.2124", "vlanter": "0.2123", "percent": "0.04708098", "favorita": null}, {"id": 3651, "starttime": "1686547560000", "moeda": "LDO/USDT", "vlatual": "1.8159", "vlanter": "1.8137", "percent": "0.12115205", "favorita": null}, {"id": 3652, "starttime": "1686547560000", "moeda": "UMA/USDT", "vlatual": "1.474", "vlanter": "1.474", "percent": "0.00000000", "favorita": null}, {"id": 3653, "starttime": "1686547560000", "moeda": "HOT/USDT", "vlatual": "0.001233", "vlanter": "0.001234", "percent": "-0.08110300", "favorita": null}, {"id": 3654, "starttime": "1686547560000", "moeda": "SNX/USDT", "vlatual": "1.757", "vlanter": "1.755", "percent": "0.11383039", "favorita": null}, {"id": 3655, "starttime": "1686547560000", "moeda": "REN/USDT", "vlatual": "0.05606", "vlanter": "0.05612", "percent": "-0.10702818", "favorita": null}, {"id": 3656, "starttime": "1686547560000", "moeda": "1INCH/USDT", "vlatual": "0.2674", "vlanter": "0.2674", "percent": "0.00000000", "favorita": null}, {"id": 3657, "starttime": "1686547560000", "moeda": "QTUM/USDT", "vlatual": "2.077", "vlanter": "2.078", "percent": "-0.04814636", "favorita": null}, {"id": 3658, "starttime": "1686547560000", "moeda": "LRC/USDT", "vlatual": "0.209", "vlanter": "0.2089", "percent": "0.04784689", "favorita": null}, {"id": 3659, "starttime": "1686547560000", "moeda": "LDO/USDT", "vlatual": "1.8159", "vlanter": "1.8137", "percent": "0.12115205", "favorita": null}, {"id": 3660, "starttime": "1686547560000", "moeda": "ZEN/USDT", "vlatual": "5.919", "vlanter": "5.912", "percent": "0.11826322", "favorita": null}, {"id": 3661, "starttime": "1686547560000", "moeda": "THETA/USDT", "vlatual": "0.64", "vlanter": "0.6399", "percent": "0.01562500", "favorita": null}, {"id": 3662, "starttime": "1686547560000", "moeda": "DGB/USDT", "vlatual": "0.00644", "vlanter": "0.00645", "percent": "-0.15527950", "favorita": null}, {"id": 3663, "starttime": "1686547560000", "moeda": "RVN/USDT", "vlatual": "0.01638", "vlanter": "0.01637", "percent": "0.06105006", "favorita": null}, {"id": 3664, "starttime": "1686547560000", "moeda": "EGLD/USDT", "vlatual": "29.74", "vlanter": "29.73", "percent": "0.03362475", "favorita": null}, {"id": 3665, "starttime": "1686547560000", "moeda": "RUNE/USDT", "vlatual": "0.892", "vlanter": "0.891", "percent": "0.11210762", "favorita": null}, {"id": 3666, "starttime": "1686547560000", "moeda": "QTUM/USDT", "vlatual": "2.077", "vlanter": "2.078", "percent": "-0.04814636", "favorita": null}, {"id": 3667, "starttime": "1686547560000", "moeda": "ICX/USDT", "vlatual": "0.1806", "vlanter": "0.1805", "percent": "0.05537099", "favorita": null}, {"id": 3668, "starttime": "1686547560000", "moeda": "ZEN/USDT", "vlatual": "5.919", "vlanter": "5.912", "percent": "0.11826322", "favorita": null}, {"id": 3669, "starttime": "1686547560000", "moeda": "HNT/USDT", "vlatual": "1.278", "vlanter": "1.277", "percent": "0.07824726", "favorita": null}, {"id": 3670, "starttime": "1686547560000", "moeda": "THETA/USDT", "vlatual": "0.64", "vlanter": "0.6399", "percent": "0.01562500", "favorita": null}, {"id": 3671, "starttime": "1686547560000", "moeda": "ZIL/USDT", "vlatual": "0.01715", "vlanter": "0.01714", "percent": "0.05830904", "favorita": null}, {"id": 3672, "starttime": "1686547560000", "moeda": "HBAR/USDT", "vlatual": "0.04392", "vlanter": "0.04391", "percent": "0.02276867", "favorita": null}, {"id": 3673, "starttime": "1686547560000", "moeda": "DGB/USDT", "vlatual": "0.00644", "vlanter": "0.00645", "percent": "-0.15527950", "favorita": null}, {"id": 3674, "starttime": "1686547560000", "moeda": "FLOW/USDT", "vlatual": "0.4871", "vlanter": "0.488", "percent": "-0.18476699", "favorita": null}, {"id": 3675, "starttime": "1686547560000", "moeda": "RVN/USDT", "vlatual": "0.01638", "vlanter": "0.01637", "percent": "0.06105006", "favorita": null}, {"id": 3676, "starttime": "1686547560000", "moeda": "STX/USDT", "vlatual": "0.51408", "vlanter": "0.51368", "percent": "0.07780890", "favorita": null}, {"id": 3677, "starttime": "1686547560000", "moeda": "EGLD/USDT", "vlatual": "29.74", "vlanter": "29.73", "percent": "0.03362475", "favorita": null}, {"id": 3678, "starttime": "1686547560000", "moeda": "RUNE/USDT", "vlatual": "0.892", "vlanter": "0.891", "percent": "0.11210762", "favorita": null}, {"id": 3679, "starttime": "1686547560000", "moeda": "LOOKS/USDT", "vlatual": "0.05396", "vlanter": "0.05388", "percent": "0.14825797", "favorita": null}, {"id": 3680, "starttime": "1686547560000", "moeda": "ICX/USDT", "vlatual": "0.1806", "vlanter": "0.1805", "percent": "0.05537099", "favorita": null}, {"id": 3681, "starttime": "1686547560000", "moeda": "HNT/USDT", "vlatual": "1.278", "vlanter": "1.277", "percent": "0.07824726", "favorita": null}, {"id": 3682, "starttime": "1686547560000", "moeda": "BUSD/USDT", "vlatual": "0.9994", "vlanter": "0.9994", "percent": "0.00000000", "favorita": null}, {"id": 3683, "starttime": "1686547560000", "moeda": "ZIL/USDT", "vlatual": "0.01715", "vlanter": "0.01714", "percent": "0.05830904", "favorita": null}, {"id": 3684, "starttime": "1686547560000", "moeda": "HBAR/USDT", "vlatual": "0.04392", "vlanter": "0.04391", "percent": "0.02276867", "favorita": null}, {"id": 3685, "starttime": "1686547560000", "moeda": "FLOW/USDT", "vlatual": "0.4871", "vlanter": "0.488", "percent": "-0.18476699", "favorita": null}, {"id": 3686, "starttime": "1686547560000", "moeda": "RSS3/USDT", "vlatual": "0.09293", "vlanter": "0.09333", "percent": "-0.43043151", "favorita": null}, {"id": 3687, "starttime": "1686547560000", "moeda": "STX/USDT", "vlatual": "0.51408", "vlanter": "0.51368", "percent": "0.07780890", "favorita": null}, {"id": 3688, "starttime": "1686547560000", "moeda": "GMX/USDT", "vlatual": "42.095", "vlanter": "42.127", "percent": "-0.07601853", "favorita": null}, {"id": 3689, "starttime": "1686547560000", "moeda": "T/USDT", "vlatual": "0.01784", "vlanter": "0.01784", "percent": "0.00000000", "favorita": null}, {"id": 3690, "starttime": "1686547560000", "moeda": "ACH/USDT", "vlatual": "0.019798", "vlanter": "0.019795", "percent": "0.01515305", "favorita": null}, {"id": 3691, "starttime": "1686547560000", "moeda": "LOOKS/USDT", "vlatual": "0.05396", "vlanter": "0.05388", "percent": "0.14825797", "favorita": null}, {"id": 3692, "starttime": "1686547560000", "moeda": "JST/USDT", "vlatual": "0.01994", "vlanter": "0.01994", "percent": "0.00000000", "favorita": null}, {"id": 3693, "starttime": "1686547560000", "moeda": "SUN/USDT", "vlatual": "0.005266", "vlanter": "0.005266", "percent": "0.00000000", "favorita": null}, {"id": 3694, "starttime": "1686547560000", "moeda": "BUSD/USDT", "vlatual": "0.9994", "vlanter": "0.9994", "percent": "0.00000000", "favorita": null}, {"id": 3695, "starttime": "1686547560000", "moeda": "TRX/USDT", "vlatual": "0.06997", "vlanter": "0.06997", "percent": "0.00000000", "favorita": null}, {"id": 3696, "starttime": "1686547560000", "moeda": "SCRT/USDT", "vlatual": "0.287", "vlanter": "0.2869", "percent": "0.03484321", "favorita": null}, {"id": 3697, "starttime": "1686547560000", "moeda": "RSS3/USDT", "vlatual": "0.09293", "vlanter": "0.09333", "percent": "-0.43043151", "favorita": null}, {"id": 3698, "starttime": "1686547560000", "moeda": "GMX/USDT", "vlatual": "42.095", "vlanter": "42.127", "percent": "-0.07601853", "favorita": null}, {"id": 3699, "starttime": "1686547560000", "moeda": "T/USDT", "vlatual": "0.01784", "vlanter": "0.01784", "percent": "0.00000000", "favorita": null}, {"id": 3700, "starttime": "1686547560000", "moeda": "BNB/USDT", "vlatual": "226.4", "vlanter": "226.3", "percent": "0.04416961", "favorita": null}, {"id": 3701, "starttime": "1686547560000", "moeda": "ACH/USDT", "vlatual": "0.019798", "vlanter": "0.019795", "percent": "0.01515305", "favorita": null}, {"id": 3702, "starttime": "1686547560000", "moeda": "NEAR/USDT", "vlatual": "1.193", "vlanter": "1.193", "percent": "0.00000000", "favorita": null}, {"id": 3703, "starttime": "1686547560000", "moeda": "JST/USDT", "vlatual": "0.01994", "vlanter": "0.01994", "percent": "0.00000000", "favorita": null}, {"id": 3704, "starttime": "1686547560000", "moeda": "PAXG/USDT", "vlatual": "1915.0", "vlanter": "1915.0", "percent": "0.00000000", "favorita": null}, {"id": 3705, "starttime": "1686547560000", "moeda": "SUN/USDT", "vlatual": "0.005266", "vlanter": "0.005266", "percent": "0.00000000", "favorita": null}, {"id": 3706, "starttime": "1686547560000", "moeda": "APE/USDT", "vlatual": "2.329", "vlanter": "2.328", "percent": "0.04293688", "favorita": null}, {"id": 3707, "starttime": "1686547560000", "moeda": "TRX/USDT", "vlatual": "0.06997", "vlanter": "0.06997", "percent": "0.00000000", "favorita": null}, {"id": 3708, "starttime": "1686547560000", "moeda": "SCRT/USDT", "vlatual": "0.287", "vlanter": "0.2869", "percent": "0.03484321", "favorita": null}, {"id": 3709, "starttime": "1686547560000", "moeda": "MINA/USDT", "vlatual": "0.4129", "vlanter": "0.4121", "percent": "0.19375151", "favorita": null}, {"id": 3710, "starttime": "1686547560000", "moeda": "SC/USDT", "vlatual": "0.002612", "vlanter": "0.002611", "percent": "0.03828484", "favorita": null}, {"id": 3711, "starttime": "1686547560000", "moeda": "BNB/USDT", "vlatual": "226.4", "vlanter": "226.3", "percent": "0.04416961", "favorita": null}, {"id": 3712, "starttime": "1686547560000", "moeda": "NEAR/USDT", "vlatual": "1.193", "vlanter": "1.193", "percent": "0.00000000", "favorita": null}, {"id": 3713, "starttime": "1686547560000", "moeda": "PAXG/USDT", "vlatual": "1915.0", "vlanter": "1915.0", "percent": "0.00000000", "favorita": null}, {"id": 3714, "starttime": "1686547560000", "moeda": "APE/USDT", "vlatual": "2.329", "vlanter": "2.328", "percent": "0.04293688", "favorita": null}, {"id": 3715, "starttime": "1686547560000", "moeda": "MINA/USDT", "vlatual": "0.4129", "vlanter": "0.4121", "percent": "0.19375151", "favorita": null}, {"id": 3716, "starttime": "1686547560000", "moeda": "SC/USDT", "vlatual": "0.002612", "vlanter": "0.002611", "percent": "0.03828484", "favorita": null}, {"id": 3717, "starttime": "1686547560000", "moeda": "STG/USDT", "vlatual": "0.5336", "vlanter": "0.5331", "percent": "0.09370315", "favorita": null}, {"id": 3718, "starttime": "1686547560000", "moeda": "GLMR/USDT", "vlatual": "0.22534", "vlanter": "0.22529", "percent": "0.02218869", "favorita": null}, {"id": 3719, "starttime": "1686547560000", "moeda": "STG/USDT", "vlatual": "0.5336", "vlanter": "0.5331", "percent": "0.09370315", "favorita": null}, {"id": 3720, "starttime": "1686547560000", "moeda": "GLMR/USDT", "vlatual": "0.22534", "vlanter": "0.22529", "percent": "0.02218869", "favorita": null}, {"id": 3721, "starttime": "1686547560000", "moeda": "GMT/USDT", "vlatual": "0.1871", "vlanter": "0.1868", "percent": "0.16034206", "favorita": null}, {"id": 3722, "starttime": "1686547560000", "moeda": "GMT/USDT", "vlatual": "0.1871", "vlanter": "0.1868", "percent": "0.16034206", "favorita": null}, {"id": 3723, "starttime": "1686547560000", "moeda": "CELO/USDT", "vlatual": "0.405", "vlanter": "0.405", "percent": "0.00000000", "favorita": null}, {"id": 3724, "starttime": "1686547560000", "moeda": "CELO/USDT", "vlatual": "0.405", "vlanter": "0.405", "percent": "0.00000000", "favorita": null}, {"id": 3725, "starttime": "1686547560000", "moeda": "CTC/USDT", "vlatual": "0.2257", "vlanter": "0.2254", "percent": "0.13291981", "favorita": null}, {"id": 3726, "starttime": "1686547560000", "moeda": "CTC/USDT", "vlatual": "0.2257", "vlanter": "0.2254", "percent": "0.13291981", "favorita": null}, {"id": 3727, "starttime": "1686547560000", "moeda": "FITFI/USDT", "vlatual": "0.003226", "vlanter": "0.003223", "percent": "0.09299442", "favorita": null}, {"id": 3728, "starttime": "1686547560000", "moeda": "FITFI/USDT", "vlatual": "0.003226", "vlanter": "0.003223", "percent": "0.09299442", "favorita": null}, {"id": 3729, "starttime": "1686547560000", "moeda": "GAL/USDT", "vlatual": "1.0053", "vlanter": "1.0053", "percent": "0.00000000", "favorita": null}, {"id": 3730, "starttime": "1686547560000", "moeda": "GAL/USDT", "vlatual": "1.0053", "vlanter": "1.0053", "percent": "0.00000000", "favorita": null}, {"id": 3731, "starttime": "1686547560000", "moeda": "OP/USDT", "vlatual": "1.0812", "vlanter": "1.08", "percent": "0.11098779", "favorita": null}, {"id": 3732, "starttime": "1686547560000", "moeda": "OP/USDT", "vlatual": "1.0812", "vlanter": "1.08", "percent": "0.11098779", "favorita": null}, {"id": 3733, "starttime": "1686547560000", "moeda": "BEL/USDT", "vlatual": "0.554", "vlanter": "0.5538", "percent": "0.03610108", "favorita": null}, {"id": 3734, "starttime": "1686547560000", "moeda": "BEL/USDT", "vlatual": "0.554", "vlanter": "0.5538", "percent": "0.03610108", "favorita": null}, {"id": 3735, "starttime": "1686547560000", "moeda": "AR/USDT", "vlatual": "5.008", "vlanter": "5.02", "percent": "-0.23961661", "favorita": null}, {"id": 3736, "starttime": "1686547560000", "moeda": "KDA/USDT", "vlatual": "0.5468", "vlanter": "0.5473", "percent": "-0.09144111", "favorita": null}, {"id": 3737, "starttime": "1686547560000", "moeda": "ROSE/USDT", "vlatual": "0.04235", "vlanter": "0.04234", "percent": "0.02361275", "favorita": null}, {"id": 3738, "starttime": "1686547560000", "moeda": "AR/USDT", "vlatual": "5.008", "vlanter": "5.02", "percent": "-0.23961661", "favorita": null}, {"id": 3739, "starttime": "1686547560000", "moeda": "KDA/USDT", "vlatual": "0.5468", "vlanter": "0.5473", "percent": "-0.09144111", "favorita": null}, {"id": 3740, "starttime": "1686547560000", "moeda": "ROSE/USDT", "vlatual": "0.04235", "vlanter": "0.04234", "percent": "0.02361275", "favorita": null}, {"id": 3741, "starttime": "1686547560000", "moeda": "SWEAT/USDT", "vlatual": "0.00483", "vlanter": "0.00482", "percent": "0.20703934", "favorita": null}, {"id": 3742, "starttime": "1686547560000", "moeda": "SWEAT/USDT", "vlatual": "0.00483", "vlanter": "0.00482", "percent": "0.20703934", "favorita": null}, {"id": 3743, "starttime": "1686547560000", "moeda": "ETHW/USDT", "vlatual": "1.439", "vlanter": "1.439", "percent": "0.00000000", "favorita": null}, {"id": 3744, "starttime": "1686547560000", "moeda": "INJ/USDT", "vlatual": "5.6892", "vlanter": "5.6809", "percent": "0.14589046", "favorita": null}, {"id": 3745, "starttime": "1686547560000", "moeda": "ETHW/USDT", "vlatual": "1.439", "vlanter": "1.439", "percent": "0.00000000", "favorita": null}, {"id": 3746, "starttime": "1686547560000", "moeda": "INJ/USDT", "vlatual": "5.6892", "vlanter": "5.6809", "percent": "0.14589046", "favorita": null}, {"id": 3747, "starttime": "1686547560000", "moeda": "APT/USDT", "vlatual": "6.1813", "vlanter": "6.1664", "percent": "0.24104962", "favorita": null}, {"id": 3748, "starttime": "1686547560000", "moeda": "APT/USDT", "vlatual": "6.1813", "vlanter": "6.1664", "percent": "0.24104962", "favorita": null}, {"id": 3749, "starttime": "1686547560000", "moeda": "MASK/USDT", "vlatual": "3.567", "vlanter": "3.559", "percent": "0.22427810", "favorita": null}, {"id": 3750, "starttime": "1686547560000", "moeda": "MASK/USDT", "vlatual": "3.567", "vlanter": "3.559", "percent": "0.22427810", "favorita": null}, {"id": 3751, "starttime": "1686547560000", "moeda": "HFT/USDT", "vlatual": "0.3357", "vlanter": "0.3356", "percent": "0.02978850", "favorita": null}, {"id": 3752, "starttime": "1686547560000", "moeda": "HFT/USDT", "vlatual": "0.3357", "vlanter": "0.3356", "percent": "0.02978850", "favorita": null}, {"id": 3753, "starttime": "1686547560000", "moeda": "PEOPLE/USDT", "vlatual": "0.01108", "vlanter": "0.01107", "percent": "0.09025271", "favorita": null}, {"id": 3754, "starttime": "1686547560000", "moeda": "TWT/USDT", "vlatual": "0.7233", "vlanter": "0.7231", "percent": "0.02765104", "favorita": null}, {"id": 3755, "starttime": "1686547560000", "moeda": "PEOPLE/USDT", "vlatual": "0.01108", "vlanter": "0.01107", "percent": "0.09025271", "favorita": null}]